UA4000178891,,178891,13480,???????????? ????????,????????? ?????????? ????????? ????? ??????? ???????????????? ?????????? ??????????????? ??????,"2,645,644",1/15/2014,"1 000,00 (UAH)",1/15/2014,TRUE,??????,FALSE,01/09/2019,
UA4000185151,,185151,13480,???????????? ????????,????????? ?????????? ????????? ????? ??????? ???????????????? ????????????? ??????????????? ??????,"3,576,728",07/08/2014,"1 000,00 (UAH)",07/09/2014,TRUE,??????,FALSE,07/02/2019,
UA4000185557,,185557,13480,???????????? ????????,????????? ?????????? ????????? ????? ??????? ???????????????? ????????????? ??????????????? ??????,"2,171,200",7/28/2014,"1 000,00 (UAH)",7/29/2014,TRUE,??????,FALSE,7/22/2019,
UA4000186159,,186159,13480,???????????? ????????,????????? ?????????? ????????? ????? ??????? ???????????????? ????????????? ??????????????? ??????,"954,809",8/20/2014,"1 000,00 (UAH)",8/21/2014,TRUE,??????,FALSE,8/14/2019,
UA4000186928,,186928,13480,???????????? ????????,????????? ?????????? ????????? ????? ??????? ???????????????? ????????????? ??????????????? ??????,"125,314",10/06/2014,"1 000,00 (UAH)",10/09/2014,TRUE,??????,FALSE,9/30/2019,
UA4000188551,,188551,13480,???????????? ????????,????????? ?????????? ????????? ????? ??????? ???????????????? ????????????? ??????????????? ??????,"55,420",12/29/2014,"1 000,00 (UAH)",1/14/2015,TRUE,??????,FALSE,12/23/2019,
UA4000177950,,177950,13480,???????????? ????????,????????? ?????????? ????????? ????? ??????? ????????????? ?????????? ??????????????? ??????,"1,400,000",12/10/2013,"1 000,00 (UAH)",4/29/2015,TRUE,??????,FALSE,11/25/2020,
UA4000187207,,187207,13480,???????????? ????????,????????? ?????????? ????????? ????? ??????? ????????????? ?????????? ??????????????? ??????,"2,000,000",10/22/2014,"1 000,00 (UAH)",4/29/2015,TRUE,??????,FALSE,10/02/2024,
UA4000189872,,189872,13480,???????????? ????????,????????? ?????????? ????????? ????? ??????? ????????????? ?????????? ??????????????? ??????,"1,600,000",05/06/2015,"1 000,00 (UAH)",05/06/2015,TRUE,??????,FALSE,4/16/2025,
UA4000186480,,186480,13480,???????????? ????????,????????? ?????????? ????????? ????? ??????? ????????????? ?????????? ??????????????? ??????,"1,000,000",09/04/2014,"1 000,00 (UAH)",06/02/2015,TRUE,??????,FALSE,8/25/2021,
UA4000186530,,186530,13480,???????????? ????????,????????? ?????????? ????????? ????? ??????? ????????????? ?????????? ??????????????? ??????,"2,500,000",09/09/2014,"1 000,00 (UAH)",06/02/2015,TRUE,??????,FALSE,6/28/2023,
UA4000186548,,186548,13480,???????????? ????????,????????? ?????????? ????????? ????? ??????? ????????????? ?????????? ??????????????? ??????,"2,500,000",09/09/2014,"1 000,00 (UAH)",06/02/2015,TRUE,??????,FALSE,2/22/2023,
UA4000186555,,186555,13480,???????????? ????????,????????? ?????????? ????????? ????? ??????? ????????????? ?????????? ??????????????? ??????,"2,500,000",09/09/2014,"1 000,00 (UAH)",06/02/2015,TRUE,??????,FALSE,02/01/2023,
UA4000166805,,166805,13480,???????????? ????????,????????? ?????????? ????????? ????? ??????? ????????????? ?????????? ??????????????? ??????,"151,611",5/28/2013,"1 000,00 (UAH)",06/03/2015,TRUE,??????,FALSE,05/06/2020,
UA4000179519,,179519,13480,???????????? ????????,????????? ?????????? ????????? ????? ??????? ???????????????? ?????????? ??????????????? ??????,"1,650,000",2/13/2014,"1 000,00 (UAH)",06/03/2015,TRUE,??????,FALSE,1/30/2019,
UA4000185375,,185375,13480,???????????? ????????,????????? ?????????? ????????? ????? ??????? ????????????? ?????????? ??????????????? ??????,"1,100,000",7/22/2014,"1 000,00 (UAH)",06/03/2015,TRUE,??????,FALSE,4/21/2021,
UA4000186514,,186514,13480,???????????? ????????,????????? ?????????? ????????? ????? ??????? ????????????? ?????????? ??????????????? ??????,"1,170,900",09/09/2014,"1 000,00 (UAH)",06/03/2015,TRUE,??????,FALSE,7/28/2021,
UA4000186597,,186597,13480,???????????? ????????,????????? ?????????? ????????? ????? ??????? ????????????? ?????????? ??????????????? ??????,"2,500,000",09/09/2014,"1 000,00 (UAH)",06/03/2015,TRUE,??????,FALSE,2/21/2024,
UA4000186605,,186605,13480,???????????? ????????,????????? ?????????? ????????? ????? ??????? ????????????? ?????????? ??????????????? ??????,"2,500,000",09/09/2014,"1 000,00 (UAH)",06/03/2015,TRUE,??????,FALSE,02/07/2024,
UA4000157671,,157671,13480,???????????? ????????,????????? ?????????? ????????? ????? ??????? ????????????? ?????????? ??????????????? ??????,"1,763,305",03/05/2013,"1 000,00 (UAH)",06/09/2015,TRUE,??????,FALSE,02/12/2020,
UA4000180426,,180426,13480,???????????? ????????,????????? ?????????? ????????? ????? ??????? ???????????????? ?????????? ??????????????? ??????,"1,955,815",4/24/2014,"1 000,00 (UAH)",06/09/2015,TRUE,??????,FALSE,04/10/2019,
UA4000185755,,185755,13480,???????????? ????????,????????? ?????????? ????????? ????? ??????? ???????????????? ?????????? ??????????????? ??????,"1,325,989",08/08/2014,"1 000,00 (UAH)",06/09/2015,TRUE,??????,FALSE,7/31/2019,
UA4000186894,,186894,13480,???????????? ????????,????????? ?????????? ????????? ????? ??????? ????????????? ?????????? ??????????????? ??????,"3,310,000",10/01/2014,"1 000,00 (UAH)",06/09/2015,TRUE,??????,FALSE,09/04/2024,
UA4000189344,,189344,13480,???????????? ????????,????????? ?????????? ????????? ????? ??????? ???????????????? ?????????? ??????????????? ??????,"2,900,000",2/26/2015,"1 000,00 (UAH)",06/09/2015,TRUE,??????,FALSE,2/19/2020,
UA4000190102,,190102,13480,???????????? ????????,????????? ?????????? ????????? ????? ??????? ????????????? ?????????? ??????????????? ??????,"2,500,000",06/09/2015,"1 000,00 (UAH)",06/09/2015,TRUE,??????,FALSE,3/25/2026,
UA4000188585,,188585,13480,???????????? ????????,????????? ?????????? ????????? ????? ??????? ????????????? ?????????? ??????????????? ??????,"2,500,000",12/30/2014,"1 000,00 (UAH)",06/10/2015,TRUE,??????,FALSE,12/04/2024,
UA4000184402,,184402,13480,???????????? ????????,????????? ?????????? ????????? ????? ??????? ????????????? ?????????? ??????????????? ??????,"1,800,000",6/19/2014,"1 000,00 (UAH)",6/16/2015,TRUE,??????,FALSE,12/09/2020,
UA4000188981,,188981,13480,???????????? ????????,????????? ?????????? ????????? ????? ??????? ???????????????? ?????????? ??????????????? ??????,"2,500,000",02/02/2015,"1 000,00 (UAH)",6/16/2015,TRUE,??????,FALSE,1/22/2020,
UA4000189708,,189708,13480,???????????? ????????,????????? ?????????? ????????? ????? ??????? ????????????? ?????????? ??????????????? ??????,"1,500,000",4/14/2015,"1 000,00 (UAH)",6/16/2015,TRUE,??????,FALSE,7/30/2025,
UA4000190276,,190276,13480,???????????? ????????,????????? ?????????? ????????? ????? ??????? ????????????? ?????????? ??????????????? ??????,"2,500,000",6/16/2015,"1 000,00 (UAH)",6/16/2015,TRUE,??????,FALSE,4/22/2026,
UA4000186241,,186241,13480,???????????? ????????,????????? ?????????? ????????? ????? ??????? ????????????? ?????????? ??????????????? ??????,"2,500,000",8/28/2014,"1 000,00 (UAH)",6/22/2015,TRUE,??????,FALSE,02/10/2021,
UA4000185656,,185656,13480,???????????? ????????,????????? ?????????? ????????? ????? ??????? ????????????? ?????????? ??????????????? ??????,"2,200,000",08/04/2014,"1 000,00 (UAH)",6/23/2015,TRUE,??????,FALSE,5/19/2021,
UA4000190284,,190284,13480,???????????? ????????,????????? ?????????? ????????? ????? ??????? ????????????? ?????????? ??????????????? ??????,"1,200,000",6/23/2015,"1 000,00 (UAH)",6/23/2015,TRUE,??????,FALSE,5/27/2026,
UA4000063135,,63135,13480,???????????? ????????,????????? ?????????? ????????? ????? ??????? ????????????? ?????????? ??????????????? ??????,"1,500,000",12/30/2009,"1 000,00 (UAH)",6/30/2015,TRUE,??????,FALSE,06/09/2021,
UA4000063143,,63143,13480,???????????? ????????,????????? ?????????? ????????? ????? ??????? ????????????? ?????????? ??????????????? ??????,"1,500,000",12/30/2009,"1 000,00 (UAH)",6/30/2015,TRUE,??????,FALSE,06/01/2022,
UA4000179576,,179576,13480,???????????? ????????,????????? ?????????? ????????? ????? ??????? ???????????????? ?????????? ??????????????? ??????,"2,500,000",2/14/2014,"1 000,00 (UAH)",6/30/2015,TRUE,??????,FALSE,1/16/2019,
UA4000185771,,185771,13480,???????????? ????????,????????? ?????????? ????????? ????? ??????? ????????????? ?????????? ??????????????? ??????,"2,500,000",08/12/2014,"1 000,00 (UAH)",6/30/2015,TRUE,??????,FALSE,1/17/2024,
UA4000185789,,185789,13480,???????????? ????????,????????? ?????????? ????????? ????? ??????? ????????????? ?????????? ??????????????? ??????,"2,500,000",08/12/2014,"1 000,00 (UAH)",6/30/2015,TRUE,??????,FALSE,4/24/2024,
UA4000185821,,185821,13480,???????????? ????????,????????? ?????????? ????????? ????? ??????? ????????????? ?????????? ??????????????? ??????,"2,500,000",08/12/2014,"1 000,00 (UAH)",6/30/2015,TRUE,??????,FALSE,1/19/2022,
UA4000190334,,190334,13480,???????????? ????????,????????? ?????????? ????????? ????? ??????? ????????????? ?????????? ??????????????? ??????,"1,500,000",6/30/2015,"1 000,00 (UAH)",6/30/2015,TRUE,??????,FALSE,06/03/2026,
UA4000185920,,185920,13480,???????????? ????????,????????? ?????????? ????????? ????? ??????? ????????????? ?????????? ??????????????? ??????,"2,000,000",08/12/2014,"1 000,00 (UAH)",07/01/2015,TRUE,??????,FALSE,3/27/2024,
UA4000185839,,185839,13480,???????????? ????????,????????? ?????????? ????????? ????? ??????? ????????????? ?????????? ??????????????? ??????,"2,500,000",08/12/2014,"1 000,00 (UAH)",07/01/2015,TRUE,??????,FALSE,6/29/2022,
UA4000185847,,185847,13480,???????????? ????????,????????? ?????????? ????????? ????? ??????? ????????????? ?????????? ??????????????? ??????,"2,500,000",08/12/2014,"1 000,00 (UAH)",07/01/2015,TRUE,??????,FALSE,7/13/2022,
UA4000185854,,185854,13480,???????????? ????????,????????? ?????????? ????????? ????? ??????? ????????????? ?????????? ??????????????? ??????,"2,500,000",08/12/2014,"1 000,00 (UAH)",07/01/2015,TRUE,??????,FALSE,7/27/2022,
UA4000185870,,185870,13480,???????????? ????????,????????? ?????????? ????????? ????? ??????? ????????????? ?????????? ??????????????? ??????,"2,500,000",08/12/2014,"1 000,00 (UAH)",07/01/2015,TRUE,??????,FALSE,1/21/2023,
UA4000185888,,185888,13480,???????????? ????????,????????? ?????????? ????????? ????? ??????? ????????????? ?????????? ??????????????? ??????,"2,500,000",08/12/2014,"1 000,00 (UAH)",07/01/2015,TRUE,??????,FALSE,4/26/2023,
UA4000189799,,189799,13480,???????????? ????????,????????? ?????????? ????????? ????? ??????? ????????????? ?????????? ??????????????? ??????,"1,800,000",4/28/2015,"1 000,00 (UAH)",07/01/2015,TRUE,??????,FALSE,12/10/2025,
UA4000142137,,142137,13480,???????????? ????????,????????? ?????????? ????????? ????? ??????? ????????????? ?????????? ??????????????? ??????,"2,999,550",6/14/2012,"1 000,00 (UAH)",07/07/2015,TRUE,??????,FALSE,5/22/2019,
UA4000186803,,186803,13480,???????????? ????????,????????? ?????????? ????????? ????? ??????? ????????????? ?????????? ??????????????? ??????,"930,000",9/24/2014,"1 000,00 (UAH)",07/07/2015,TRUE,??????,FALSE,09/11/2024,
UA4000190383,,190383,13480,???????????? ????????,????????? ?????????? ????????? ????? ??????? ????????????? ?????????? ??????????????? ??????,"500,000",07/07/2015,"1 000,00 (UAH)",07/07/2015,TRUE,??????,FALSE,05/06/2026,
UA4000179741,,179741,13480,???????????? ????????,????????? ?????????? ????????? ????? ??????? ???????????????? ?????????? ??????????????? ??????,"1,500,000",2/26/2014,"1 000,00 (UAH)",7/14/2015,TRUE,??????,FALSE,2/20/2019,
UA4000188593,,188593,13480,???????????? ????????,????????? ?????????? ????????? ????? ??????? ????????????? ?????????? ??????????????? ??????,"2,500,000",12/30/2014,"1 000,00 (UAH)",7/14/2015,TRUE,??????,FALSE,12/11/2024,
UA4000189138,,189138,13480,???????????? ????????,????????? ?????????? ????????? ????? ??????? ???????????????? ?????????? ??????????????? ??????,"2,200,000",2/13/2015,"1 000,00 (UAH)",7/14/2015,TRUE,??????,FALSE,1/29/2020,
UA4000190441,,190441,13480,???????????? ????????,????????? ?????????? ????????? ????? ??????? ????????????? ?????????? ??????????????? ??????,"1,000,000",7/14/2015,"1 000,00 (UAH)",7/14/2015,TRUE,??????,FALSE,10/14/2026,
UA4000179691,,179691,13480,???????????? ????????,????????? ?????????? ????????? ????? ??????? ????????????? ?????????? ??????????????? ??????,"600,000",2/18/2014,"1 000,00 (UAH)",7/20/2015,TRUE,??????,FALSE,2/13/2019,
UA4000186258,,186258,13480,???????????? ????????,????????? ?????????? ????????? ????? ??????? ????????????? ?????????? ??????????????? ??????,"2,500,000",09/04/2014,"1 000,00 (UAH)",7/21/2015,TRUE,??????,FALSE,8/18/2021,
UA4000189146,,189146,13480,???????????? ????????,????????? ?????????? ????????? ????? ??????? ???????????????? ?????????? ??????????????? ??????,"2,200,000",2/13/2015,"1 000,00 (UAH)",7/21/2015,TRUE,??????,FALSE,02/05/2020,
UA4000129241,,129241,13480,???????????? ????????,????????? ?????????? ????????? ????? ??????? ????????????? ?????????? ??????????????? ??????,"1,000,000",10/10/2011,"1 000,00 (UAH)",7/27/2015,TRUE,??????,FALSE,9/15/2021,
UA4000165773,,165773,13480,???????????? ????????,????????? ?????????? ????????? ????? ??????? ????????????? ?????????? ??????????????? ??????,"30,657",4/23/2013,"1 000,00 (UAH)",7/28/2015,TRUE,??????,FALSE,04/08/2020,
UA4000171094,,171094,13480,???????????? ????????,????????? ?????????? ????????? ????? ??????? ????????????? ?????????? ??????????????? ??????,"2,403,338",7/16/2013,"1 000,00 (UAH)",7/28/2015,TRUE,??????,FALSE,08/08/2020,
UA4000173371,,173371,13480,???????????? ????????,????????? ?????????? ????????? ????? ??????? ????????????? ?????????? ??????????????? ??????,"330,000",09/03/2013,"1 000,00 (UAH)",7/28/2015,TRUE,??????,FALSE,8/23/2023,
UA4000179196,,179196,13480,???????????? ????????,????????? ?????????? ????????? ????? ??????? ????????????? ?????????? ??????????????? ??????,"1,626,723",1/29/2014,"1 000,00 (UAH)",7/28/2015,TRUE,??????,FALSE,1/23/2019,
UA4000189591,,189591,13480,???????????? ????????,????????? ?????????? ????????? ????? ??????? ????????????? ?????????? ??????????????? ??????,"3,203,998",04/01/2015,"1 000,00 (UAH)",7/28/2015,TRUE,??????,FALSE,3/19/2025,
UA4000189963,,189963,13480,???????????? ????????,????????? ?????????? ????????? ????? ??????? ????????????? ?????????? ??????????????? ??????,"2,200,000",5/26/2015,"1 000,00 (UAH)",7/28/2015,TRUE,??????,FALSE,10/08/2025,
UA4000190573,,190573,13480,???????????? ????????,????????? ?????????? ????????? ????? ??????? ????????????? ?????????? ??????????????? ??????,"1,200,000",7/28/2015,"1 000,00 (UAH)",7/28/2015,TRUE,??????,FALSE,11/25/2026,
UA4000190870,,190870,13480,???????????? ????????,????????? ?????????? ????????? ????? ??????? ????????????? ?????????? ??????????????? ??????,"500,000",08/04/2015,"1 000,00 (UAH)",08/04/2015,TRUE,??????,FALSE,6/24/2026,
UA4000190961,,190961,13480,???????????? ????????,????????? ?????????? ????????? ????? ??????? ????????????? ?????????? ??????????????? ??????,"800,000",08/11/2015,"1 000,00 (UAH)",08/11/2015,TRUE,??????,FALSE,01/06/2027,
UA4000191019,,191019,13480,???????????? ????????,????????? ?????????? ????????? ????? ??????? ????????????? ?????????? ??????????????? ??????,"1,200,000",8/18/2015,"1 000,00 (UAH)",8/18/2015,TRUE,??????,FALSE,12/09/2026,
UA4000191399,,191399,13480,???????????? ????????,????????? ?????????? ????????? ????? ??????? ????????????? ?????????? ??????????????? ??????,"2,500,000",9/29/2015,"1 000,00 (UAH)",9/29/2015,TRUE,??????,FALSE,02/02/2028,
UA4000191407,,191407,13480,???????????? ????????,????????? ?????????? ????????? ????? ??????? ????????????? ?????????? ??????????????? ??????,"2,500,000",9/29/2015,"1 000,00 (UAH)",9/29/2015,TRUE,??????,FALSE,03/01/2028,
UA4000192132,,192132,13480,???????????? ????????,????????? ?????????? ????????? ????? ??????? ????????????? ?????????? ??????????????? ??????,"2,000,000",11/24/2015,"1 000,00 (UAH)",11/24/2015,TRUE,??????,FALSE,3/29/2028,
UA4000192355,,192355,13480,???????????? ????????,????????? ?????????? ????????? ????? ??????? ????????????? ?????????? ??????????????? ??????,"4,000,000",12/15/2015,"1 000,00 (UAH)",12/15/2015,TRUE,??????,FALSE,4/26/2028,
UA4000187348,,187348,13480,???????????? ????????,????????? ?????????? ????????? ????? ??????? ????????????? ?????????? ??????????????? ??????,"1,000,000",10/31/2014,"1 000,00 (UAH)",12/30/2015,TRUE,??????,FALSE,10/12/2029,
UA4000187884,,187884,13480,???????????? ????????,????????? ?????????? ????????? ????? ??????? ????????????? ?????????? ??????????????? ??????,"3,250,000",11/14/2014,"1 000,00 (UAH)",12/30/2015,TRUE,??????,FALSE,4/27/2029,
UA4000192660,,192660,13480,???????????? ????????,????????? ?????????? ????????? ????? ??????? ???????????????? ?????????? ??????????????? ??????,"535,000",1/27/2016,"1 000,00 (UAH)",1/28/2016,TRUE,??????,FALSE,1/23/2019,
UA4000192678,,192678,13480,???????????? ????????,????????? ?????????? ????????? ????? ??????? ????????????? ? ???????????? ???????? ??????????????? ??????,"3,000,000",1/29/2016,"1 000,00 (UAH)",02/01/2016,TRUE,??????,FALSE,11/26/2025,
UA4000192686,,192686,13480,???????????? ????????,????????? ?????????? ????????? ????? ??????? ????????????? ? ???????????? ???????? ??????????????? ??????,"3,000,000",1/29/2016,"1 000,00 (UAH)",02/01/2016,TRUE,??????,FALSE,12/24/2025,
UA4000192694,,192694,13480,???????????? ????????,????????? ?????????? ????????? ????? ??????? ????????????? ? ???????????? ???????? ??????????????? ??????,"3,319,000",1/29/2016,"1 000,00 (UAH)",02/01/2016,TRUE,??????,FALSE,1/14/2026,
UA4000194088,,194088,13480,???????????? ????????,????????? ?????????? ????????? ????? ??????? ???????????????? ?????????? ??????????????? ??????,"3,057,500",4/27/2016,"1 000,00 (UAH)",4/28/2016,TRUE,??????,FALSE,4/24/2019,
XS1303929894,,XS9894,13480,???????????? ???????? ???????,????????? ????????? ???????????????? ???????,"3,214,120",11/11/2015,"1 000,00 (USD)",05/11/2016,FALSE,???????????????,FALSE,5/31/2040,
UA4000194138,,194138,13480,???????????? ???????? ???????,????????? ?????????? ????????? ????? ??????? ???????????????? ?????????? ??????????????? ??????,"1,952,336",5/17/2016,"1 000,00 (UAH)",5/18/2016,TRUE,??????,FALSE,5/15/2019,
UA4000194377,,194377,13480,???????????? ???????? ???????,????????? ?????????? ????????? ????? ??????? ???????????????? ?????????? ??????????????? ??????,"3,579,145",6/14/2016,"1 000,00 (UAH)",6/15/2016,TRUE,??????,FALSE,06/02/2021,
UA4000194468,,194468,13480,???????????? ???????? ???????,????????? ?????????? ????????? ????? ??????? ???????????????? ?????????? ??????????????? ??????,"1,510,000",6/21/2016,"1 000,00 (UAH)",6/22/2016,TRUE,??????,FALSE,6/16/2021,
UA4000194567,,194567,13480,???????????? ???????? ???????,????????? ?????????? ????????? ????? ??????? ???????????????? ?????????? ??????????????? ??????,"104,850",07/05/2016,"1 000,00 (UAH)",07/06/2016,TRUE,??????,FALSE,6/30/2021,
UA4000061808,,61808,13480,???????????? ???????? ???????,????????? ?????????? ????????? ????? ??????? ????????????? ?????????? ??????????????? ??????,"1,400,000",11/20/2009,"1 000,00 (UAH)",7/13/2016,TRUE,??????,FALSE,02/06/2019,
UA4000179766,,179766,13480,???????????? ???????? ???????,????????? ?????????? ????????? ????? ??????? ???????????????? ?????????? ??????????????? ??????,"1,500,000",2/27/2014,"1 000,00 (UAH)",7/13/2016,TRUE,??????,FALSE,2/13/2019,
UA4000063010,,63010,13480,???????????? ???????? ???????,????????? ?????????? ????????? ????? ??????? ????????????? ?????????? ??????????????? ??????,"950,000",12/30/2009,"1 000,00 (UAH)",7/18/2016,TRUE,??????,FALSE,03/11/2020,
UA4000194658,,194658,13480,???????????? ???????? ???????,????????? ?????????? ????????? ????? ??????? ???????????????? ?????????? ??????????????? ??????,"887,480",7/19/2016,"1 000,00 (UAH)",7/20/2016,TRUE,??????,FALSE,07/10/2019,
UA4000195028,,195028,13480,???????????? ???????? ???????,????????? ?????????? ????????? ????? ??????? ???????????????? ?????????? ??????????????? ??????,"797,900",8/16/2016,"1 000,00 (UAH)",8/17/2016,TRUE,??????,FALSE,8/14/2019,
UA4000195044,,195044,13480,???????????? ???????? ???????,????????? ?????????? ????????? ????? ??????? ????????????? ? ???????????? ???????? ??????????????? ??????,"1,000,000",8/17/2016,"1 000,00 (UAH)",8/22/2016,TRUE,??????,FALSE,08/02/2023,
UA4000195150,,195150,13480,???????????? ???????? ???????,????????? ?????????? ????????? ????? ??????? ????????????? ? ???????????? ???????? ??????????????? ??????,"2,700,000",8/23/2016,"1 000,00 (UAH)",8/25/2016,TRUE,??????,FALSE,7/26/2023,
UA4000195176,,195176,13480,???????????? ???????? ???????,????????? ?????????? ????????? ????? ??????? ???????????????? ?????????? ??????????????? ??????,"40,000",8/30/2016,"1 000,00 (UAH)",8/31/2016,TRUE,??????,FALSE,08/11/2021,
UA4000195507,,195507,13480,???????????? ???????? ???????,????????? ?????????? ????????? ????? ??????? ????????????? ? ???????????? ???????? ??????????????? ??????,"5,000,000",9/28/2016,"1 000,00 (UAH)",9/28/2016,TRUE,??????,FALSE,9/20/2023,
UA4000195580,,195580,13480,???????????? ???????? ???????,????????? ?????????? ????????? ????? ??????? ???????????????? ?????????? ??????????????? ??????,"421,326",10/18/2016,"1 000,00 (UAH)",10/19/2016,TRUE,??????,FALSE,09/04/2019,
UA4000196562,,196562,13480,???????????? ???????? ???????,????????? ?????????? ????????? ????? ??????? ???????????????? ?????????? ??????????????? ??????,"2,863,000",01/10/2017,"1 000,00 (UAH)",01/11/2017,TRUE,??????,FALSE,01/02/2019,
UA4000196620,,196620,13480,???????????? ???????? ???????,????????? ?????????? ????????? ????? ??????? ???????????????? ?????????? ??????????????? ??????,"2,667,870",1/24/2017,"1 000,00 (UAH)",1/25/2017,TRUE,??????,FALSE,1/15/2020,
UA4000197040,,197040,13480,???????????? ???????? ???????,????????? ?????????? ????????? ????? ??????? ???????????????? ?????????? ??????????????? ??????,"4,178,870",3/15/2017,"1 000,00 (UAH)",3/15/2017,TRUE,??????,FALSE,3/15/2020,
UA4000197081,,197081,13480,???????????? ???????? ???????,????????? ?????????? ????????? ????? ??????? ???????????????? ?????????? ??????????????? ??????,"3,409,687",3/21/2017,"1 000,00 (UAH)",3/22/2017,TRUE,??????,FALSE,03/06/2019,
UA4000197396,,197396,13480,???????????? ???????? ???????,????????? ?????????? ????????? ????? ??????? ???????????????? ?????????? ??????????????? ??????,"234,375",5/16/2017,"1 000,00 (USD)",5/17/2017,TRUE,??????,FALSE,5/13/2020,
UA4000196521,,196521,13480,???????????? ???????? ???????,????????? ?????????? ????????? ????? ??????? ????????????? ?????????? ??????????????? ??????,"3,941,000",12/29/2016,"1 000,00 (UAH)",6/14/2017,TRUE,??????,FALSE,12/10/2031,
UA4000198006,,198006,13480,???????????? ???????? ???????,????????? ?????????? ????????? ????? ??????? ???????????????? ?????????? ??????????????? ??????,"3,555,712",6/14/2017,"1 000,00 (UAH)",6/14/2017,TRUE,??????,FALSE,06/10/2020,
UA4000198469,,198469,13480,???????????? ???????? ???????,????????? ?????????? ????????? ????? ??????? ???????????????? ?????????? ??????????????? ??????,"507,564",7/25/2017,"1 000,00 (USD)",7/26/2017,TRUE,??????,FALSE,07/10/2019,
UA4000198873,,198873,13480,???????????? ???????? ???????,????????? ?????????? ????????? ????? ??????? ???????????????? ?????????? ??????????????? ??????,"2,232,600",09/05/2017,"1 000,00 (UAH)",09/06/2017,TRUE,??????,FALSE,08/06/2020,
UA4000199210,,199210,13480,???????????? ???????? ???????,????????? ?????????? ????????? ????? ??????? ???????????????? ?????????? ??????????????? ??????,"2,945,567",10/17/2017,"1 000,00 (UAH)",10/18/2017,TRUE,??????,FALSE,10/12/2022,
UA4000199244,,199244,13480,???????????? ???????? ???????,????????? ?????????? ????????? ????? ??????? ???????????????? ?????????? ??????????????? ??????,"294,730",10/25/2017,"1 000,00 (USD)",10/25/2017,TRUE,??????,FALSE,10/23/2019,
UA4000188213,,188213,13480,???????????? ???????? ???????,????????? ?????????? ????????? ????? ??????? ????????????? ?????????? ??????????????? ??????,"2,899,710",12/05/2014,"1 000,00 (UAH)",11/20/2017,TRUE,??????,FALSE,9/19/2024,
UA4000188221,,188221,13480,???????????? ???????? ???????,????????? ?????????? ????????? ????? ??????? ????????????? ?????????? ??????????????? ??????,"2,899,710",12/05/2014,"1 000,00 (UAH)",11/20/2017,TRUE,??????,FALSE,10/23/2024,
UA4000188239,,188239,13480,???????????? ???????? ???????,????????? ?????????? ????????? ????? ??????? ????????????? ?????????? ??????????????? ??????,"2,899,710",12/05/2014,"1 000,00 (UAH)",11/20/2017,TRUE,??????,FALSE,11/06/2024,
UA4000188247,,188247,13480,???????????? ???????? ???????,????????? ?????????? ????????? ????? ??????? ????????????? ?????????? ??????????????? ??????,"2,899,710",12/05/2014,"1 000,00 (UAH)",11/20/2017,TRUE,??????,FALSE,11/20/2024,
UA4000190649,,190649,13480,???????????? ???????? ???????,????????? ?????????? ????????? ????? ??????? ????????????? ?????????? ??????????????? ??????,"633,000",7/29/2015,"1 000,00 (UAH)",11/20/2017,TRUE,??????,FALSE,7/16/2025,
UA4000192702,,192702,13480,???????????? ???????? ???????,????????? ?????????? ????????? ????? ??????? ????????????? ?????????? ??????????????? ??????,"2,500,000",1/29/2016,"1 000,00 (UAH)",11/20/2017,TRUE,??????,FALSE,10/29/2025,
UA4000192710,,192710,13480,???????????? ???????? ???????,????????? ?????????? ????????? ????? ??????? ????????????? ?????????? ??????????????? ??????,"2,455,520",1/29/2016,"1 000,00 (UAH)",11/21/2017,TRUE,??????,FALSE,11/12/2025,
UA4000196315,,196315,13480,???????????? ???????? ???????,????????? ?????????? ????????? ????? ??????? ????????????? ?????????? ??????????????? ??????,"2,999,999",12/21/2016,"1 000,00 (UAH)",11/21/2017,TRUE,??????,FALSE,11/19/2031,
UA4000196216,,196216,13480,???????????? ???????? ???????,????????? ?????????? ????????? ????? ??????? ????????????? ?????????? ??????????????? ??????,"4,000,000",12/28/2016,"1 000,00 (UAH)",11/21/2017,TRUE,??????,FALSE,03/06/2030,
UA4000196224,,196224,13480,???????????? ???????? ???????,????????? ?????????? ????????? ????? ??????? ????????????? ?????????? ??????????????? ??????,"4,000,000",12/28/2016,"1 000,00 (UAH)",11/21/2017,TRUE,??????,FALSE,05/08/2030,
UA4000196232,,196232,13480,???????????? ???????? ???????,????????? ?????????? ????????? ????? ??????? ????????????? ?????????? ??????????????? ??????,"4,000,000",12/28/2016,"1 000,00 (UAH)",11/21/2017,TRUE,??????,FALSE,08/07/2030,
UA4000196265,,196265,13480,???????????? ???????? ???????,????????? ?????????? ????????? ????? ??????? ????????????? ?????????? ??????????????? ??????,"4,000,000",12/28/2016,"1 000,00 (UAH)",11/21/2017,TRUE,??????,FALSE,02/12/2031,
UA4000196273,,196273,13480,???????????? ???????? ???????,????????? ?????????? ????????? ????? ??????? ????????????? ?????????? ??????????????? ??????,"4,000,000",12/28/2016,"1 000,00 (UAH)",11/21/2017,TRUE,??????,FALSE,04/02/2031,
UA4000196281,,196281,13480,???????????? ???????? ???????,????????? ?????????? ????????? ????? ??????? ????????????? ?????????? ??????????????? ??????,"4,000,000",12/28/2016,"1 000,00 (UAH)",11/21/2017,TRUE,??????,FALSE,5/14/2031,
UA4000196299,,196299,13480,???????????? ???????? ???????,????????? ?????????? ????????? ????? ??????? ????????????? ?????????? ??????????????? ??????,"4,000,000",12/28/2016,"1 000,00 (UAH)",11/21/2017,TRUE,??????,FALSE,7/23/2031,
UA4000196307,,196307,13480,???????????? ???????? ???????,????????? ?????????? ????????? ????? ??????? ????????????? ?????????? ??????????????? ??????,"4,000,000",12/28/2016,"1 000,00 (UAH)",11/21/2017,TRUE,??????,FALSE,9/24/2031,
UA4000196455,,196455,13480,???????????? ???????? ???????,????????? ?????????? ????????? ????? ??????? ????????????? ?????????? ??????????????? ??????,"4,000,000",12/28/2016,"1 000,00 (UAH)",11/22/2017,TRUE,??????,FALSE,03/12/2031,
UA4000196331,,196331,13480,???????????? ???????? ???????,????????? ?????????? ????????? ????? ??????? ????????????? ?????????? ??????????????? ??????,"4,000,000",12/29/2016,"1 000,00 (UAH)",11/22/2017,TRUE,??????,FALSE,9/13/2028,
UA4000196349,,196349,13480,???????????? ???????? ???????,????????? ?????????? ????????? ????? ??????? ????????????? ?????????? ??????????????? ??????,"4,000,000",12/29/2016,"1 000,00 (UAH)",11/22/2017,TRUE,??????,FALSE,10/11/2028,
UA4000196356,,196356,13480,???????????? ???????? ???????,????????? ?????????? ????????? ????? ??????? ????????????? ?????????? ??????????????? ??????,"4,000,000",12/29/2016,"1 000,00 (UAH)",11/22/2017,TRUE,??????,FALSE,11/22/2028,
UA4000196364,,196364,13480,???????????? ???????? ???????,????????? ?????????? ????????? ????? ??????? ????????????? ?????????? ??????????????? ??????,"4,000,000",12/29/2016,"1 000,00 (UAH)",11/22/2017,TRUE,??????,FALSE,5/16/2029,
UA4000196372,,196372,13480,???????????? ???????? ???????,????????? ?????????? ????????? ????? ??????? ????????????? ?????????? ??????????????? ??????,"4,000,000",12/29/2016,"1 000,00 (UAH)",11/22/2017,TRUE,??????,FALSE,9/19/2029,
UA4000196380,,196380,13480,???????????? ???????? ???????,????????? ?????????? ????????? ????? ??????? ????????????? ?????????? ??????????????? ??????,"4,000,000",12/29/2016,"1 000,00 (UAH)",11/22/2017,TRUE,??????,FALSE,11/28/2029,
UA4000196398,,196398,13480,???????????? ???????? ???????,????????? ?????????? ????????? ????? ??????? ????????????? ?????????? ??????????????? ??????,"4,000,000",12/29/2016,"1 000,00 (UAH)",11/22/2017,TRUE,??????,FALSE,04/10/2030,
UA4000196406,,196406,13480,???????????? ???????? ???????,????????? ?????????? ????????? ????? ??????? ????????????? ?????????? ??????????????? ??????,"4,000,000",12/29/2016,"1 000,00 (UAH)",11/22/2017,TRUE,??????,FALSE,06/12/2030,
UA4000196414,,196414,13480,???????????? ???????? ???????,????????? ?????????? ????????? ????? ??????? ????????????? ?????????? ??????????????? ??????,"4,000,000",12/29/2016,"1 000,00 (UAH)",11/22/2017,TRUE,??????,FALSE,8/28/2030,
UA4000196430,,196430,13480,???????????? ???????? ???????,????????? ?????????? ????????? ????? ??????? ????????????? ?????????? ??????????????? ??????,"4,000,000",12/29/2016,"1 000,00 (UAH)",11/22/2017,TRUE,??????,FALSE,9/18/2030,
UA4000196448,,196448,13480,???????????? ???????? ???????,????????? ?????????? ????????? ????? ??????? ????????????? ?????????? ??????????????? ??????,"4,000,000",12/29/2016,"1 000,00 (UAH)",11/22/2017,TRUE,??????,FALSE,12/11/2030,
UA4000196463,,196463,13480,???????????? ???????? ???????,????????? ?????????? ????????? ????? ??????? ????????????? ?????????? ??????????????? ??????,"4,000,000",12/29/2016,"1 000,00 (UAH)",11/22/2017,TRUE,??????,FALSE,4/23/2031,
UA4000196471,,196471,13480,???????????? ???????? ???????,????????? ?????????? ????????? ????? ??????? ????????????? ?????????? ??????????????? ??????,"4,000,000",12/29/2016,"1 000,00 (UAH)",11/22/2017,TRUE,??????,FALSE,06/04/2031,
UA4000196513,,196513,13480,???????????? ???????? ???????,????????? ?????????? ????????? ????? ??????? ????????????? ?????????? ??????????????? ??????,"4,000,000",12/29/2016,"1 000,00 (UAH)",11/22/2017,TRUE,??????,FALSE,8/27/2031,
UA4000196489,,196489,13480,???????????? ???????? ???????,????????? ?????????? ????????? ????? ??????? ????????????? ?????????? ??????????????? ??????,"4,000,000",12/29/2016,"1 000,00 (UAH)",11/22/2017,TRUE,??????,FALSE,09/10/2031,
UA4000196497,,196497,13480,???????????? ???????? ???????,????????? ?????????? ????????? ????? ??????? ????????????? ?????????? ??????????????? ??????,"3,999,999",12/29/2016,"1 000,00 (UAH)",11/22/2017,TRUE,??????,FALSE,10/15/2031,
UA4000196745,,196745,13480,???????????? ???????? ???????,????????? ?????????? ????????? ????? ??????? ????????????? ?????????? ??????????????? ??????,"3,022,001",02/10/2017,"1 000,00 (UAH)",11/22/2017,TRUE,??????,FALSE,12/23/2026,
UA4000196752,,196752,13480,???????????? ???????? ???????,????????? ?????????? ????????? ????? ??????? ????????????? ?????????? ??????????????? ??????,"3,464,920",2/14/2017,"1 000,00 (UAH)",11/22/2017,TRUE,??????,FALSE,1/27/2027,
UA4000199491,,199491,13480,???????????? ???????? ???????,????????? ?????????? ????????? ????? ??????? ???????????????? ?????????? ??????????????? ??????,"370,838",11/21/2017,"1 000,00 (USD)",11/22/2017,TRUE,??????,FALSE,02/12/2020,
UA4000196927,,196927,13480,???????????? ???????? ???????,????????? ?????????? ????????? ????? ??????? ????????????? ?????????? ??????????????? ??????,"3,464,920",2/23/2017,"1 000,00 (UAH)",11/23/2017,TRUE,??????,FALSE,1/22/2031,
UA4000196935,,196935,13480,???????????? ???????? ???????,????????? ?????????? ????????? ????? ??????? ????????????? ?????????? ??????????????? ??????,"4,900,000",2/23/2017,"1 000,00 (UAH)",11/23/2017,TRUE,??????,FALSE,1/28/2032,
UA4000197032,,197032,13480,???????????? ???????? ???????,????????? ?????????? ????????? ????? ??????? ????????????? ?????????? ??????????????? ??????,"4,700,001",3/13/2017,"1 000,00 (UAH)",11/23/2017,TRUE,??????,FALSE,7/17/2030,
UA4000197065,,197065,13480,???????????? ???????? ???????,????????? ?????????? ????????? ????? ??????? ????????????? ?????????? ??????????????? ??????,"5,400,960",3/15/2017,"1 000,00 (UAH)",11/23/2017,TRUE,??????,FALSE,2/20/2032,
UA4000197529,,197529,13480,???????????? ???????? ???????,????????? ?????????? ????????? ????? ??????? ????????????? ?????????? ??????????????? ??????,"2,500,000",10/06/2017,"1 000,00 (UAH)",11/23/2017,TRUE,??????,FALSE,05/10/2025,
UA4000197537,,197537,13480,???????????? ???????? ???????,????????? ?????????? ????????? ????? ??????? ????????????? ?????????? ??????????????? ??????,"2,500,000",10/06/2017,"1 000,00 (UAH)",11/23/2017,TRUE,??????,FALSE,11/10/2025,
UA4000197545,,197545,13480,???????????? ???????? ???????,????????? ?????????? ????????? ????? ??????? ????????????? ?????????? ??????????????? ??????,"5,500,000",10/06/2017,"1 000,00 (UAH)",11/23/2017,TRUE,??????,FALSE,05/10/2027,
UA4000197552,,197552,13480,???????????? ???????? ???????,????????? ?????????? ????????? ????? ??????? ????????????? ?????????? ??????????????? ??????,"5,500,000",10/06/2017,"1 000,00 (UAH)",11/23/2017,TRUE,??????,FALSE,11/10/2027,
UA4000197560,,197560,13480,???????????? ???????? ???????,????????? ?????????? ????????? ????? ??????? ????????????? ?????????? ??????????????? ??????,"4,000,000",10/06/2017,"1 000,00 (UAH)",11/23/2017,TRUE,??????,FALSE,05/10/2029,
UA4000197578,,197578,13480,???????????? ???????? ???????,????????? ?????????? ????????? ????? ??????? ????????????? ?????????? ??????????????? ??????,"4,000,000",10/06/2017,"1 000,00 (UAH)",11/23/2017,TRUE,??????,FALSE,11/10/2029,
UA4000197586,,197586,13480,???????????? ???????? ???????,????????? ?????????? ????????? ????? ??????? ????????????? ?????????? ??????????????? ??????,"1,000,000",10/06/2017,"1 000,00 (UAH)",11/23/2017,TRUE,??????,FALSE,05/10/2031,
UA4000197594,,197594,13480,???????????? ???????? ???????,????????? ?????????? ????????? ????? ??????? ????????????? ?????????? ??????????????? ??????,"1,000,000",10/06/2017,"1 000,00 (UAH)",11/23/2017,TRUE,??????,FALSE,11/10/2031,
UA4000197602,,197602,13480,???????????? ???????? ???????,????????? ?????????? ????????? ????? ??????? ????????????? ?????????? ??????????????? ??????,"6,048,872",10/06/2017,"1 000,00 (UAH)",11/23/2017,TRUE,??????,FALSE,05/10/2032,
UA4000197610,,197610,13480,???????????? ???????? ???????,????????? ?????????? ????????? ????? ??????? ????????????? ?????????? ??????????????? ??????,"6,048,872",10/06/2017,"1 000,00 (UAH)",11/23/2017,TRUE,??????,FALSE,11/10/2032,
UA4000197628,,197628,13480,???????????? ???????? ???????,????????? ?????????? ????????? ????? ??????? ????????????? ?????????? ??????????????? ??????,"6,048,872",10/06/2017,"1 000,00 (UAH)",11/23/2017,TRUE,??????,FALSE,05/10/2033,
UA4000197636,,197636,13480,???????????? ???????? ???????,????????? ?????????? ????????? ????? ??????? ????????????? ?????????? ??????????????? ??????,"6,048,872",10/06/2017,"1 000,00 (UAH)",11/23/2017,TRUE,??????,FALSE,11/10/2033,
UA4000197644,,197644,13480,???????????? ???????? ???????,????????? ?????????? ????????? ????? ??????? ????????????? ?????????? ??????????????? ??????,"6,048,872",10/06/2017,"1 000,00 (UAH)",11/23/2017,TRUE,??????,FALSE,05/10/2034,
UA4000197651,,197651,13480,???????????? ???????? ???????,????????? ?????????? ????????? ????? ??????? ????????????? ?????????? ??????????????? ??????,"6,048,872",10/06/2017,"1 000,00 (UAH)",11/23/2017,TRUE,??????,FALSE,11/10/2034,
UA4000197669,,197669,13480,???????????? ???????? ???????,????????? ?????????? ????????? ????? ??????? ????????????? ?????????? ??????????????? ??????,"6,048,872",10/06/2017,"1 000,00 (UAH)",11/23/2017,TRUE,??????,FALSE,05/10/2035,
UA4000197677,,197677,13480,???????????? ???????? ???????,????????? ?????????? ????????? ????? ??????? ????????????? ?????????? ??????????????? ??????,"6,048,872",10/06/2017,"1 000,00 (UAH)",11/23/2017,TRUE,??????,FALSE,11/10/2035,
UA4000198139,,198139,13480,???????????? ???????? ???????,????????? ?????????? ????????? ????? ??????? ????????????? ?????????? ??????????????? ??????,"4,499,995",07/11/2017,"1 000,00 (UAH)",11/24/2017,TRUE,??????,FALSE,03/10/2032,
UA4000198121,,198121,13480,???????????? ???????? ???????,????????? ?????????? ????????? ????? ??????? ????????????? ?????????? ??????????????? ??????,"4,500,000",07/11/2017,"1 000,00 (UAH)",11/24/2017,TRUE,??????,FALSE,06/02/2032,
UA4000198113,,198113,13480,???????????? ???????? ???????,????????? ?????????? ????????? ????? ??????? ????????????? ?????????? ??????????????? ??????,"4,500,000",07/11/2017,"1 000,00 (UAH)",11/24/2017,TRUE,??????,FALSE,8/25/2032,
UA4000198105,,198105,13480,???????????? ???????? ???????,????????? ?????????? ????????? ????? ??????? ????????????? ?????????? ??????????????? ??????,"4,500,000",07/11/2017,"1 000,00 (UAH)",11/24/2017,TRUE,??????,FALSE,10/13/2032,
UA4000198097,,198097,13480,???????????? ???????? ???????,????????? ?????????? ????????? ????? ??????? ????????????? ?????????? ??????????????? ??????,"4,500,000",07/11/2017,"1 000,00 (UAH)",11/24/2017,TRUE,??????,FALSE,12/08/2032,
UA4000197685,,197685,13480,???????????? ???????? ???????,????????? ?????????? ????????? ????? ??????? ????????????? ? ???????????? ???????? ??????????????? ??????,"6,048,872",10/06/2017,"1 000,00 (UAH)",11/24/2017,TRUE,??????,FALSE,05/10/2036,
UA4000197693,,197693,13480,???????????? ???????? ???????,????????? ?????????? ????????? ????? ??????? ????????????? ? ???????????? ???????? ??????????????? ??????,"6,048,872",10/06/2017,"1 000,00 (UAH)",11/24/2017,TRUE,??????,FALSE,11/10/2036,
UA4000197701,,197701,13480,???????????? ???????? ???????,????????? ?????????? ????????? ????? ??????? ????????????? ? ???????????? ???????? ??????????????? ??????,"6,048,872",10/06/2017,"1 000,00 (UAH)",11/24/2017,TRUE,??????,FALSE,05/10/2037,
UA4000197719,,197719,13480,???????????? ???????? ???????,????????? ?????????? ????????? ????? ??????? ????????????? ? ???????????? ???????? ??????????????? ??????,"6,048,872",10/06/2017,"1 000,00 (UAH)",11/24/2017,TRUE,??????,FALSE,11/10/2037,
UA4000197727,,197727,13480,???????????? ???????? ???????,????????? ?????????? ????????? ????? ??????? ????????????? ? ???????????? ???????? ??????????????? ??????,"6,048,872",10/06/2017,"1 000,00 (UAH)",11/24/2017,TRUE,??????,FALSE,11/10/2037,
UA4000197735,,197735,13480,???????????? ???????? ???????,????????? ?????????? ????????? ????? ??????? ????????????? ? ???????????? ???????? ??????????????? ??????,"6,048,872",10/06/2017,"1 000,00 (UAH)",11/24/2017,TRUE,??????,FALSE,11/10/2038,
UA4000197743,,197743,13480,???????????? ???????? ???????,????????? ?????????? ????????? ????? ??????? ????????????? ? ???????????? ???????? ??????????????? ??????,"6,048,872",10/06/2017,"1 000,00 (UAH)",11/24/2017,TRUE,??????,FALSE,05/10/2039,
UA4000197750,,197750,13480,???????????? ???????? ???????,????????? ?????????? ????????? ????? ??????? ????????????? ? ???????????? ???????? ??????????????? ??????,"6,048,872",10/06/2017,"1 000,00 (UAH)",11/24/2017,TRUE,??????,FALSE,11/10/2039,
UA4000197768,,197768,13480,???????????? ???????? ???????,????????? ?????????? ????????? ????? ??????? ????????????? ? ???????????? ???????? ??????????????? ??????,"6,048,872",10/06/2017,"1 000,00 (UAH)",11/24/2017,TRUE,??????,FALSE,05/10/2040,
UA4000197776,,197776,13480,???????????? ???????? ???????,????????? ?????????? ????????? ????? ??????? ????????????? ? ???????????? ???????? ??????????????? ??????,"6,048,872",10/06/2017,"1 000,00 (UAH)",11/24/2017,TRUE,??????,FALSE,11/10/2040,
UA4000197784,,197784,13480,???????????? ???????? ???????,????????? ?????????? ????????? ????? ??????? ????????????? ? ???????????? ???????? ??????????????? ??????,"6,048,872",10/06/2017,"1 000,00 (UAH)",11/24/2017,TRUE,??????,FALSE,05/10/2041,
UA4000197792,,197792,13480,???????????? ???????? ???????,????????? ?????????? ????????? ????? ??????? ????????????? ? ???????????? ???????? ??????????????? ??????,"6,048,872",10/06/2017,"1 000,00 (UAH)",11/24/2017,TRUE,??????,FALSE,11/10/2041,
UA4000197800,,197800,13480,???????????? ???????? ???????,????????? ?????????? ????????? ????? ??????? ????????????? ? ???????????? ???????? ??????????????? ??????,"6,048,872",10/06/2017,"1 000,00 (UAH)",11/24/2017,TRUE,??????,FALSE,05/10/2042,
UA4000197818,,197818,13480,???????????? ???????? ???????,????????? ?????????? ????????? ????? ??????? ????????????? ? ???????????? ???????? ??????????????? ??????,"6,048,872",10/06/2017,"1 000,00 (UAH)",11/24/2017,TRUE,??????,FALSE,11/10/2042,
UA4000197826,,197826,13480,???????????? ???????? ???????,????????? ?????????? ????????? ????? ??????? ????????????? ? ???????????? ???????? ??????????????? ??????,"6,048,872",10/06/2017,"1 000,00 (UAH)",11/24/2017,TRUE,??????,FALSE,05/10/2043,
UA4000197834,,197834,13480,???????????? ???????? ???????,????????? ?????????? ????????? ????? ??????? ????????????? ? ???????????? ???????? ??????????????? ??????,"6,048,872",10/06/2017,"1 000,00 (UAH)",11/24/2017,TRUE,??????,FALSE,11/10/2043,
UA4000197842,,197842,13480,???????????? ???????? ???????,????????? ?????????? ????????? ????? ??????? ????????????? ? ???????????? ???????? ??????????????? ??????,"6,048,872",10/06/2017,"1 000,00 (UAH)",11/24/2017,TRUE,??????,FALSE,05/10/2044,
UA4000197859,,197859,13480,???????????? ???????? ???????,????????? ?????????? ????????? ????? ??????? ????????????? ? ???????????? ???????? ??????????????? ??????,"6,048,872",10/06/2017,"1 000,00 (UAH)",11/24/2017,TRUE,??????,FALSE,11/10/2044,
UA4000197867,,197867,13480,???????????? ???????? ???????,????????? ?????????? ????????? ????? ??????? ????????????? ? ???????????? ???????? ??????????????? ??????,"6,048,872",10/06/2017,"1 000,00 (UAH)",11/24/2017,TRUE,??????,FALSE,05/10/2045,
UA4000197875,,197875,13480,???????????? ???????? ???????,????????? ?????????? ????????? ????? ??????? ????????????? ? ???????????? ???????? ??????????????? ??????,"6,048,872",10/06/2017,"1 000,00 (UAH)",11/24/2017,TRUE,??????,FALSE,11/10/2045,
UA4000197883,,197883,13480,???????????? ???????? ???????,????????? ?????????? ????????? ????? ??????? ????????????? ? ???????????? ???????? ??????????????? ??????,"6,048,872",10/06/2017,"1 000,00 (UAH)",11/24/2017,TRUE,??????,FALSE,05/10/2046,
UA4000197891,,197891,13480,???????????? ???????? ???????,????????? ?????????? ????????? ????? ??????? ????????????? ? ???????????? ???????? ??????????????? ??????,"6,048,872",10/06/2017,"1 000,00 (UAH)",11/24/2017,TRUE,??????,FALSE,11/10/2046,
UA4000197909,,197909,13480,???????????? ???????? ???????,????????? ?????????? ????????? ????? ??????? ????????????? ? ???????????? ???????? ??????????????? ??????,"6,048,872",10/06/2017,"1 000,00 (UAH)",11/24/2017,TRUE,??????,FALSE,05/10/2047,
UA4000197917,,197917,13480,???????????? ???????? ???????,????????? ?????????? ????????? ????? ??????? ????????????? ? ???????????? ???????? ??????????????? ??????,"6,048,872",10/06/2017,"1 000,00 (UAH)",11/24/2017,TRUE,??????,FALSE,11/10/2047,
UA4000199541,,199541,13480,???????????? ???????? ???????,????????? ?????????? ????????? ????? ??????? ???????????????? ? ??????????? ?????????? ??????????????? ??????,"135,000",11/28/2017,"1 000,00 (USD)",11/29/2017,TRUE,??????,FALSE,04/03/2019,
UA4000199558,,199558,13480,???????????? ???????? ???????,????????? ?????????? ????????? ????? ??????? ???????????????? ? ??????????? ?????????? ??????????????? ??????,"73,000",11/28/2017,"1 000,00 (USD)",11/29/2017,TRUE,??????,FALSE,04/10/2019,
UA4000199566,,199566,13480,???????????? ???????? ???????,????????? ?????????? ????????? ????? ??????? ???????????????? ? ??????????? ?????????? ??????????????? ??????,"73,000",11/28/2017,"1 000,00 (USD)",11/29/2017,TRUE,??????,FALSE,4/17/2019,
UA4000199574,,199574,13480,???????????? ???????? ???????,????????? ?????????? ????????? ????? ??????? ???????????????? ? ??????????? ?????????? ??????????????? ??????,"73,000",11/28/2017,"1 000,00 (USD)",11/29/2017,TRUE,??????,FALSE,4/24/2019,
UA4000199582,,199582,13480,???????????? ???????? ???????,????????? ?????????? ????????? ????? ??????? ???????????????? ? ??????????? ?????????? ??????????????? ??????,"73,000",11/28/2017,"1 000,00 (USD)",11/29/2017,TRUE,??????,FALSE,05/01/2019,
UA4000199590,,199590,13480,???????????? ???????? ???????,????????? ?????????? ????????? ????? ??????? ???????????????? ? ??????????? ?????????? ??????????????? ??????,"73,000",11/28/2017,"1 000,00 (USD)",11/29/2017,TRUE,??????,FALSE,5/22/2019,
UA4000199608,,199608,13480,???????????? ???????? ???????,????????? ?????????? ????????? ????? ??????? ???????????????? ? ??????????? ?????????? ??????????????? ??????,"99,000",11/28/2017,"1 000,00 (USD)",11/29/2017,TRUE,??????,FALSE,5/29/2019,
UA4000199665,,199665,13480,???????????? ???????? ???????,????????? ?????????? ????????? ????? ??????? ???????????????? ?????????? ??????????????? ??????,"242,667",12/05/2017,"1 000,00 (EUR)",12/06/2017,TRUE,??????,FALSE,06/05/2019,
UA4000199913,,199913,13480,???????????? ???????? ???????,????????? ?????????? ????????? ????? ??????? ???????????????? ?????????? ??????????????? ??????,"36,935",01/10/2018,"1 000,00 (UAH)",01/11/2018,TRUE,??????,FALSE,01/08/2020,
UA4000200174,,200174,13480,???????????? ???????? ???????,????????? ?????????? ????????? ????? ??????? ???????????????? ?????????? ??????????????? ??????,"922,489",1/23/2018,"1 000,00 (UAH)",1/24/2018,TRUE,??????,FALSE,1/20/2021,
UA4000200257,,200257,13480,???????????? ???????? ???????,????????? ?????????? ????????? ????? ??????? ??????????????? ????????? ??????????????? ??????,"354,041",1/30/2018,"1 000,00 (USD)",1/31/2018,TRUE,??????,FALSE,1/30/2019,
UA4000200711,,200711,13480,???????????? ???????? ???????,????????? ?????????? ????????? ????? ??????? ???????????????? ?????????? ??????????????? ??????,"278,154",3/20/2018,"1 000,00 (EUR)",3/21/2018,TRUE,??????,FALSE,11/27/2019,
UA4000200885,,200885,13480,???????????? ???????? ???????,????????? ?????????? ????????? ????? ??????? ???????????????? ?????????? ??????????????? ??????,"646,414",4/24/2018,"1 000,00 (UAH)",4/25/2018,TRUE,??????,FALSE,4/19/2023,
UA4000200968,,200968,13480,???????????? ???????? ???????,????????? ?????????? ????????? ????? ??????? ??????????????? ????????? ??????????????? ??????,"1,550,651",05/08/2018,"1 000,00 (UAH)",05/10/2018,TRUE,??????,FALSE,02/06/2019,
UA4000201255,,201255,13480,???????????? ???????? ???????,????????? ?????????? ????????? ????? ??????? ???????????????? ?????????? ??????????????? ??????,"39,893",5/29/2018,"1 000,00 (UAH)",5/30/2018,TRUE,??????,FALSE,5/24/2023,
UA4000201370,,201370,13480,???????????? ???????? ???????,????????? ?????????? ????????? ????? ??????? ??????????????? ????????? ??????????????? ??????,"2,921,987",06/12/2018,"1 000,00 (UAH)",6/13/2018,TRUE,??????,FALSE,04/03/2019,
UA4000201388,,201388,13480,???????????? ???????? ???????,????????? ?????????? ????????? ????? ??????? ??????????????? ????????? ??????????????? ??????,"138,405",06/12/2018,"1 000,00 (UAH)",6/13/2018,TRUE,??????,FALSE,06/12/2019,
UA4000201396,,201396,13480,???????????? ???????? ???????,????????? ?????????? ????????? ????? ??????? ???????????????? ?????????? ??????????????? ??????,"312,854",06/12/2018,"1 000,00 (USD)",6/13/2018,TRUE,??????,FALSE,1/15/2020,
UA4000201446,,201446,13480,???????????? ???????? ???????,????????? ?????????? ????????? ????? ??????? ??????????????? ????????? ??????????????? ??????,"457,536",6/19/2018,"1 000,00 (USD)",6/20/2018,TRUE,??????,FALSE,2/27/2019,
UA4000201453,,201453,13480,???????????? ???????? ???????,????????? ?????????? ????????? ????? ??????? ??????????????? ????????? ??????????????? ??????,"319,906",6/19/2018,"1 000,00 (USD)",6/20/2018,TRUE,??????,FALSE,6/19/2019,
UA4000201735,,201735,13480,???????????? ???????? ???????,????????? ?????????? ????????? ????? ??????? ??????????????? ????????? ??????????????? ??????,"2,749,696",07/10/2018,"1 000,00 (UAH)",07/11/2018,TRUE,??????,FALSE,1/30/2019,
UA4000201727,,201727,13480,???????????? ???????? ???????,????????? ?????????? ????????? ????? ??????? ???????????????? ?????????? ??????????????? ??????,"102,135",07/10/2018,"1 000,00 (UAH)",07/11/2018,TRUE,??????,FALSE,02/09/2020,
UA4000201743,,201743,13480,???????????? ???????? ???????,????????? ?????????? ????????? ????? ??????? ???????????????? ?????????? ??????????????? ??????,"73,250",07/10/2018,"1 000,00 (USD)",07/11/2018,TRUE,??????,FALSE,7/22/2020,
UA4000201768,,201768,13480,???????????? ???????? ???????,????????? ?????????? ????????? ????? ??????? ??????????????? ????????? ??????????????? ??????,"141,392",7/17/2018,"1 000,00 (UAH)",7/18/2018,TRUE,??????,FALSE,07/03/2019,
UA4000202287,,202287,13480,???????????? ???????? ???????,????????? ?????????? ????????? ????? ??????? ??????????????? ????????? ??????????????? ??????,"4,133,013",09/04/2018,"1 000,00 (UAH)",09/05/2018,TRUE,??????,FALSE,3/27/2019,
UA4000202295,,202295,13480,???????????? ???????? ???????,????????? ?????????? ????????? ????? ??????? ??????????????? ????????? ??????????????? ??????,"119,061",09/04/2018,"1 000,00 (UAH)",09/05/2018,TRUE,??????,FALSE,09/04/2019,
UA4000202469,,202469,13480,???????????? ???????? ???????,????????? ?????????? ????????? ????? ??????? ???????????????? ?????????? ??????????????? ??????,"3,000",10/02/2018,"1 000,00 (UAH)",10/03/2018,TRUE,??????,FALSE,9/30/2020,
UA4000202535,,202535,13480,???????????? ???????? ???????,????????? ?????????? ????????? ????? ??????? ???????????????? ?????????? ??????????????? ??????,"158,038",10/09/2018,"1 000,00 (USD)",10/10/2018,TRUE,??????,FALSE,1/30/2020,
UA4000202568,,202568,13480,???????????? ???????? ???????,????????? ?????????? ????????? ????? ??????? ???????????????? ?????????? ??????????????? ??????,"34,571",10/16/2018,"1 000,00 (USD)",10/17/2018,TRUE,??????,FALSE,10/15/2020,
UA4000202576,,202576,13480,???????????? ???????? ???????,????????? ?????????? ????????? ????? ??????? ??????????????? ????????? ??????????????? ??????,"254,234",10/18/2018,"1 000,00 (USD)",10/22/2018,TRUE,??????,FALSE,7/18/2019,
UA4000202667,,202667,13480,???????????? ???????? ???????,????????? ?????????? ????????? ????? ??????? ??????????????? ????????? ??????????????? ??????,"99,937",11/06/2018,"1 000,00 (UAH)",11/07/2018,TRUE,??????,FALSE,11/06/2019,
UA4000202972,,202972,13480,???????????? ???????? ???????,????????? ?????????? ????????? ????? ??????? ??????????????? ????????? ??????????????? ??????,"43,591",12/11/2018,"1 000,00 (EUR)",12/12/2018,TRUE,??????,FALSE,04/11/2019,
UA4000203012,,203012,13480,???????????? ???????? ???????,????????? ?????????? ????????? ????? ??????? ??????????????? ????????? ??????????????? ??????,"253,100",12/18/2018,"1 000,00 (USD)",12/19/2018,TRUE,??????,FALSE,1/16/2019,
UA4000203004,,203004,13480,???????????? ???????? ???????,????????? ?????????? ????????? ????? ??????? ??????????????? ????????? ??????????????? ??????,"3,678,866",12/18/2018,"1 000,00 (UAH)",12/19/2018,TRUE,??????,FALSE,3/20/2019,
UA4000136329,,PIBN,39002,"??? ""??????????????""",????? ?????? ??????????????? ??????,"5,091,887,051",06/08/2017,"10,00 (UAH)",7/21/2015,FALSE,???????????????,FALSE,?/?,
UA1002231009,,USCB,39019,"?? ""??????????""",????? ?????? ??????????????? ??????,"165,459,896,874",6/30/2016,"0,10 (UAH)",01/12/2015,FALSE,???????????????,FALSE,?/?,
UA4000083224,,VIEN,130694,"??? ""????????????????""",????? ?????? ??????????????? ??????,"3,097,366",07/08/2010,"10,00 (UAH)",04/06/2015,FALSE,???????????????,FALSE,?/?,
UA4000085484,,DOON,131268,"?? ""???? ???????? ?????????????""",????? ?????? ??????????????? ??????,"65,517,175",08/02/2010,"1,25 (UAH)",1/13/2015,FALSE,???????????????,FALSE,?/?,
UA4000124911,,POON,131819,"??? ""????????????????""",????? ?????? ??????????????? ??????,"220,960,000",07/06/2011,"0,25 (UAH)",1/27/2015,FALSE,???????????????,FALSE,?/?,
UA4000117501,,UNAF,135390,"??? ""????????""",????? ?????? ??????????????? ??????,"54,228,510",04/12/2011,"0,25 (UAH)",12/15/2014,FALSE,???????????????,FALSE,?/?,
UA4000078562,,BRTP,152448,"???? ""??????????????? ????? ???""",????? ?????? ??????????????? ??????,"71,643,944",7/13/2010,"0,25 (UAH)",8/18/2017,FALSE,???????????????,FALSE,?/?,
UA4000169197,,DMASHZ,153362,"??? ""???""",????? ?????? ??????????????? ??????,"478,484",9/16/1998,"0,25 (UAH)",12/30/2015,FALSE,???????????????,FALSE,?/?,
UA4000076459,,HMBZ,165712,"??? ""?????? ???????""",????? ?????? ??????????????? ??????,"335,332,950",5/21/2010,"0,01 (UAH)",5/25/2015,FALSE,???????????????,FALSE,?/?,
UA4000066591,,ZHMZ,182863,"?? ""???????????? ??????????""",????? ?????? ??????????????? ??????,"27,865,000",05/05/2010,"0,05 (UAH)",5/22/2015,FALSE,???????????????,FALSE,?/?,
UA4000166011,,NFER,186520,?? ???,????? ?????? ??????????????? ??????,"1,551,537,980",5/17/2011,"0,27 (UAH)",7/22/2015,FALSE,???????????????,FALSE,?/?,
UA4000138176,,ZFER,186542,"?? ""???""",????? ?????? ??????????????? ??????,"2,279,550,000",5/23/2011,"0,10 (UAH)",06/08/2015,FALSE,???????????????,FALSE,?/?,
UA4000142475,,MGZC,190911,"?? ""???????????? ???""",????? ?????? ??????????????? ??????,"1,466,502,000",5/20/2011,"0,25 (UAH)",7/22/2015,FALSE,???????????????,FALSE,?/?,
UA0500491008,,YASK,191035,"??? ""????""",????? ?????? ??????????????? ??????,"273,598,680",06/02/2010,"0,25 (UAH)",5/18/2015,FALSE,???????????????,FALSE,?/?,
UA4000086029,,ZALK,194122,"??? ""????""",????? ?????? ??????????????? ??????,"622,729,120",8/25/2010,"0,25 (UAH)",7/22/2015,FALSE,???????????????,FALSE,?/?,
UA4000131486,,KRMT,196865,"??? ""?? ""?????????""",????? ?????? ??????????????? ??????,"98,352",8/18/1998,"0,75 (UAH)",06/09/2015,FALSE,???????????????,FALSE,?/?,
UA4000106041,,HIMMASH,219632,"???? ""?????????????????""",????? ?????? ??????????????? ??????,"200,000,000",12/23/2010,"0,01 (UAH)",6/23/2015,FALSE,???????????????,FALSE,?/?,
UA4000081657,,SINRESZVD,231573,"???? ""???""",????? ?????? ??????????????? ??????,"188,614,120",6/23/2010,"0,25 (UAH)",10/10/2017,FALSE,???????????????,FALSE,?/?,
UA4000135628,,YAVIR,274861,"???? ""????""",????? ?????? ??????????????? ??????,"57,000",10/28/2011,"1,75 (UAH)",12/30/2015,FALSE,???????????????,FALSE,?/?,
UA4000104111,,Starmilc,444837,"???? ""?????????????? ??""",????? ?????? ??????????????? ??????,"2,175,032",12/14/2010,"0,97 (UAH)",7/27/2015,FALSE,???????????????,FALSE,?/?,
UA4000136311,,CHGZB,470059,"??? ""????""",????? ?????? ??????????????? ??????,"40,000,000",5/27/2010,"0,25 (UAH)",7/27/2015,FALSE,???????????????,FALSE,?/?,
UA4000099303,,FARM,481198,"??? ""??????""",????? ?????? ??????????????? ??????,"7,273,200",10/14/2010,"5,00 (UAH)",5/25/2015,FALSE,???????????????,FALSE,?/?,
UA4000082614,,STOMA,481318,"?? ""?????""",????? ?????? ??????????????? ??????,"833,333",08/10/2010,"4,20 (UAH)",10/06/2017,FALSE,???????????????,FALSE,?/?,
UA4000111793,,MIRN,483719,"??? ""??????""",????? ?????? ??????????????? ??????,"3,949,640",01/06/2011,"0,25 (UAH)",06/09/2015,FALSE,???????????????,FALSE,?/?,
UA4000067318,,DVRB,554514,"?? ""?????????????????""",????? ?????? ??????????????? ??????,"226,300,000",1/17/2012,"0,25 (UAH)",7/27/2015,FALSE,???????????????,FALSE,?/?,
UA4000173785,,PTFRAG,846139,"??? ""???????????? ""??????????""",????? ?????? ??????????????? ??????,"14,440,031",5/13/2011,"0,25 (UAH)",12/30/2015,FALSE,???????????????,FALSE,?/?,
UA4000068423,,STEPNOY,849184,"???? ""????????? ""???????""",????? ?????? ??????????????? ??????,"20,114,480",08/01/2017,"0,25 (UAH)",7/21/2015,FALSE,???????????????,FALSE,?/?,
UA4000115398,,MEXK,1037471,"???? ""???-125""",????? ?????? ??????????????? ??????,"1,482,860",03/03/2011,"0,25 (UAH)",06/09/2015,FALSE,???????????????,FALSE,?/?,
UA4000176291,,PLNN,2970984,"??? ""????????""",????? ?????? ??????????????? ??????,"89,702",3/17/2011,"0,50 (UAH)",12/30/2015,FALSE,???????????????,FALSE,?/?,
UA4000116263,,BBRZ,2971191,"??? ""????????? ???""",????? ?????? ??????????????? ??????,"46,738",1/26/2011,"0,25 (UAH)",7/14/2015,FALSE,???????????????,FALSE,?/?,
UA4000084057,,DAKOR,3118357,"???? ""????? ????""",????? ?????? ??????????????? ??????,"5,714,284",08/09/2010,"0,25 (UAH)",7/28/2015,FALSE,???????????????,FALSE,?/?,
UA4000109581,,VGAZ,3339459,"??? ""?????????""",????? ?????? ??????????????? ??????,"22,254,600",12/23/2010,"0,25 (UAH)",7/22/2015,FALSE,???????????????,FALSE,?/?,
UA4000113435,,KIVG,3346331,"??? ""???????""",????? ?????? ??????????????? ??????,"5,672,560",02/01/2011,"5,00 (UAH)",7/27/2015,FALSE,???????????????,FALSE,?/?,
UA4000018535,,ODSG,3351208,"??? ""????????""",????? ?????? ??????????????? ??????,"2,317,760",7/29/2010,"28,73 (UAH)",06/03/2015,FALSE,???????????????,FALSE,?/?,
UA4000088959,,KRGZ,3351734,"???? ""????????????""",????? ?????? ??????????????? ??????,"21,252,000",09/10/2010,"0,05 (UAH)",7/22/2015,FALSE,???????????????,FALSE,?/?,
UA4000083760,,PVGZ,3351912,"??? ""??????????""",????? ?????? ??????????????? ??????,"414,353",7/30/2010,"1,05 (UAH)",6/30/2015,FALSE,???????????????,FALSE,?/?,
UA4000171417,A,OUKRAINAA,3794911,"???? ""???????""",????????? ???????????? ?????????? ??????????????? ??????,"50,000",7/17/2013,"1 000,00 (UAH)",06/09/2015,FALSE,???????????????,FALSE,7/29/2023,
UA4000179915,,BPSNO,4685271,"???? ""???""",????? ?????? ??????????????? ??????,"16,256,604",10/13/1999,"0,25 (UAH)",1/22/2018,FALSE,???????????????,FALSE,?/?,
UA4000112502,,KKBUD,4718527,"??? ""???????????????""",????? ?????? ??????????????? ??????,"22,677",07/03/1998,"50,00 (UAH)",12/30/2015,FALSE,???????????????,FALSE,?/?,
UA4000079099,,DMKD,5393043,"??? ""???????????? ???????????""",????? ?????? ??????????????? ??????,"6,776,544,000",7/21/2010,"0,25 (UAH)",7/21/2015,FALSE,???????????????,FALSE,?/?,
UA4000067839,,NITR,5393116,"??? ""????????? ???""",????? ?????? ??????????????? ??????,"400,000,000",5/18/2010,"0,25 (UAH)",02/03/2015,FALSE,???????????????,FALSE,?/?,
UA4000067300,,NVTR,5393139,"??? ""????????? ????""",????? ?????? ??????????????? ??????,"200,000,000",05/11/2010,"0,25 (UAH)",5/18/2015,FALSE,???????????????,FALSE,?/?,
UA4000083927,,HGAZ,5395598,"??? ""?????????????""",????? ?????? ??????????????? ??????,"368,760",8/17/2010,"15,00 (UAH)",7/27/2015,FALSE,???????????????,FALSE,?/?,
UA4000103147,,ODKZH,5529030,"??? ""?????""",????? ?????? ??????????????? ??????,"172,927,000",10/27/2010,"0,25 (UAH)",07/07/2015,FALSE,???????????????,FALSE,?/?,
UA4000060529,,DNVM,5669819,"???? ""??????????????""",????? ?????? ??????????????? ??????,"16,635,800",09/08/2009,"0,50 (UAH)",5/26/2015,FALSE,???????????????,TRUE,?/?,
UA4000143317,,SMASH,5747991,"??? ""??????? ???""",????? ?????? ??????????????? ??????,"71,085,000",12/06/2010,"10,00 (UAH)",5/18/2015,FALSE,???????????????,FALSE,?/?,
UA4000104244,,DNAZ,5761620,"?? ""??????????""",????? ?????? ??????????????? ??????,"35,158,375,000",12/13/2010,"0,01 (UAH)",1/13/2015,FALSE,???????????????,FALSE,?/?,
UA4000173702,,LVHIMZ,5761873,"?? ""?????????? ???????? ?????""",????? ?????? ??????????????? ??????,"15,869",05/04/2011,"245,00 (UAH)",12/30/2015,FALSE,???????????????,FALSE,?/?,
UA4000072540,,KRBD,5763642,"???? ""????""",????? ?????? ??????????????? ??????,"42,155,320",06/08/2010,"1,40 (UAH)",7/22/2015,FALSE,???????????????,FALSE,?/?,
UA4000121321,,LTPL,5763797,"??? ""????????????????""",????? ?????? ??????????????? ??????,"219,184,684",5/26/2011,"0,25 (UAH)",02/03/2015,FALSE,???????????????,FALSE,?/?,
UA4000074058,,KVBZ,5763814,"??? ""????""",????? ?????? ??????????????? ??????,"114,679,552",5/31/2010,"0,75 (UAH)",7/15/2015,FALSE,???????????????,FALSE,?/?,
UA4000088579,,SNEM,5785448,"?? ""???????? ????? ""??????????????""",????? ?????? ??????????????? ??????,"30,902,073",8/17/2010,"0,80 (UAH)",05/06/2015,FALSE,???????????????,FALSE,?/?,
UA4000105993,,GFARM,5800293,"?? ""?????????""",????? ?????? ??????????????? ??????,"8,511,120",4/26/2016,"9,00 (UAH)",5/25/2015,FALSE,???????????????,FALSE,?/?,
UA4000134688,,LUAZ,5808592,"?? ""?? ""?????? ??????""",????? ?????? ??????????????? ??????,"4,405,429,458",6/14/2011,"0,25 (UAH)",5/18/2015,FALSE,???????????????,FALSE,?/?,
UA4000124242,,HARP,5808853,"?? ""????""",????? ?????? ??????????????? ??????,"60,000,000",6/15/2011,"0,25 (UAH)",7/27/2015,FALSE,???????????????,FALSE,?/?,
UA0501071007,,DMPZ,5838512,"??? ""????""",????? ?????? ??????????????? ??????,"2,500,000,000",10/26/2007,"0,01 (UAH)",5/19/2015,FALSE,???????????????,FALSE,?/?,
UA4000091318,,BRGN,9620081,"?? ""???? ????""",????? ?????? ??????????????? ??????,"3,541,594",4/13/2017,"56,50 (UAH)",7/27/2015,FALSE,???????????????,FALSE,?/?,
UA2001461001,,MEGA,9804119,"?? ""????????""",????? ?????? ??????????????? ??????,"620,000,000",12/23/2014,"1,00 (UAH)",5/22/2015,FALSE,???????????????,FALSE,?/?,
UA4000186084,E,OBSSTE,9806443,"?? ""??????????""",????????? ???????????? ?????????? ??????????????? ??????,"100,000",08/01/2014,"1 000,00 (UAH)",9/30/2016,FALSE,???????????????,FALSE,08/08/2019,
UA4000198584,F,OBSSTF,9806443,"?? ""??????????""",????????? ???????????? ?????????? ??????????????? ??????,"100,000",08/04/2017,"1 000,00 (UAH)",12/22/2018,FALSE,???????????????,FALSE,08/10/2022,
UA4000199384,A,AKRDB,9807862,"??? ""?????????""",????????? ???????????? ?????????? ??????????????? ??????,"250,000",10/27/2017,"1 000,00 (UAH)",12/01/2017,FALSE,???????????????,FALSE,11/24/2022,
UA4000199392,B,BKRDB,9807862,"??? ""?????????""",????????? ???????????? ?????????? ??????????????? ??????,"250,000",10/27/2017,"1 000,00 (UAH)",12/01/2017,FALSE,???????????????,FALSE,12/26/2022,
UA4000093850,,SHCHZ,13498562,"???? ""?? ""??????????""",????? ?????? ??????????????? ??????,"848,535,009",10/11/2010,"0,25 (UAH)",04/07/2015,FALSE,???????????????,FALSE,?/?,
UA4000151658,,ELEMENT,13888257,"??? ""???? ""???????""",????? ?????? ??????????????? ??????,"20,148,000",9/20/2010,"0,05 (UAH)",06/09/2015,FALSE,???????????????,FALSE,?/?,
UA4000120950,,BGRNT,14070197,"?? ""???? ""?????""",????? ?????? ??????????????? ??????,"40,000,000",07/06/2017,"10,75 (UAH)",6/16/2015,FALSE,???????????????,FALSE,?/?,
UA4000069603,,BAVL,14305909,"?? ""?????????? ???? ?????""",????? ?????? ??????????????? ??????,"61,495,162,580",12/03/2015,"0,10 (UAH)",1/13/2015,FALSE,???????????????,FALSE,?/?,
UA4000143135,,MSICH,14307794,"?? ""????? ???""",????? ?????? ??????????????? ??????,"2,077,990",4/20/2011,"135,00 (UAH)",4/15/2015,FALSE,???????????????,TRUE,?/?,
UA4000121289,,TIRA,14309050,"??? ""????? ""????""",????? ?????? ??????????????? ??????,"8,488,859",5/23/2011,"0,25 (UAH)",6/23/2015,FALSE,???????????????,FALSE,?/?,
UA4000091565,,NDIEMP,14309824,"??? ""??? ???""",????? ?????? ??????????????? ??????,"25,519,360",10/12/2010,"0,25 (UAH)",06/08/2016,FALSE,???????????????,FALSE,?/?,
UA4000146351,D,ODAZD,14311614,"?? ""???""",????????? ???????????? ?????????? ??????????????? ??????,"57,000,000",7/27/2012,"1,00 (UAH)",06/08/2015,FALSE,???????????????,FALSE,11/24/2027,
UA0401271004,,DAZ,14311614,"?? ""???""",????? ?????? ??????????????? ??????,"32,798,560",4/13/1999,"0,25 (UAH)",06/09/2015,FALSE,???????????????,FALSE,?/?,
UA4000110043,,AMETIST,14312499,"???? ""?????????????? ?????""???????""",????? ?????? ??????????????? ??????,"31,830,800",12/07/2010,"0,25 (UAH)",08/08/2017,FALSE,???????????????,FALSE,?/?,
UA4000076988,,BKRD,14352406,"?? ""???? ?????? ??????""",????? ?????? ??????????????? ??????,"2,720,000,000",8/15/2017,"1,00 (UAH)",2/28/2018,FALSE,???????????????,FALSE,?/?,
UA4000100226,,ALIA,14360506,"?? ""???? ??????""",????? ?????? ??????????????? ??????,"16,000,000",07/03/2018,"16,25 (UAH)",4/22/2016,FALSE,???????????????,FALSE,?/?,
UA4000187959,I,OLIKOI,16307284,"??? ????-???????""",????????? ?????????? ?? ??????? ? ????????? ???????? ?????? (??????) ???????????????? ???????,"2,940,040",10/28/2014,"0,10 (UAH)",11/24/2014,FALSE,???????????????,FALSE,09/01/2020,
UA4000187967,J,OLIKOJ,16307284,"??? ????-???????""",????????? ?????????? ?? ??????? ? ????????? ???????? ?????? (??????) ???????????????? ???????,"403,660",10/28/2014,"0,10 (UAH)",11/24/2014,FALSE,???????????????,FALSE,09/01/2020,
UA4000187983,L,OLIKOL,16307284,"??? ????-???????""",????????? ?????????? ?? ??????? ? ????????? ???????? ?????? (??????) ???????????????? ???????,"4,500,000",10/28/2014,"0,10 (UAH)",11/24/2014,FALSE,???????????????,FALSE,09/01/2020,
UA4000187975,K,OLIKO?,16307284,"??? ????-???????""",????????? ?????????? ?? ??????? ? ????????? ???????? ?????? (??????) ???????????????? ???????,"1,153,200",10/28/2014,"0,10 (UAH)",6/23/2015,FALSE,???????????????,FALSE,09/01/2020,
UA4000191977,Y,OLIKOY,16307284,"??? ????-???????""",????????? ?????????? ?? ??????? ? ????????? ???????? ?????? (??????) ???????????????? ???????,"125,000",10/22/2015,"0,10 (UAH)",12/02/2015,FALSE,???????????????,FALSE,09/01/2022,
UA4000191845,M,OLIKOM,16307284,"??? ????-???????""",????????? ?????????? ?? ??????? ? ????????? ???????? ?????? (??????) ???????????????? ???????,"150,000",10/22/2015,"0,10 (UAH)",12/02/2015,FALSE,???????????????,FALSE,09/01/2022,
UA4000192017,AA,OLIKOAA,16307284,"??? ????-???????""",????????? ?????????? ?? ??????? ? ????????? ???????? ?????? (??????) ???????????????? ???????,"28,000",10/22/2015,"0,10 (UAH)",12/02/2015,FALSE,???????????????,FALSE,09/01/2022,
UA4000191993,Z,OLIKOZ,16307284,"??? ????-???????""",????????? ?????????? ?? ??????? ? ????????? ???????? ?????? (??????) ???????????????? ???????,"280,000",10/22/2015,"0,10 (UAH)",12/02/2015,FALSE,???????????????,FALSE,09/01/2022,
UA4000192025,AB,OLIKOAB,16307284,"??? ????-???????""",????????? ?????????? ?? ??????? ? ????????? ???????? ?????? (??????) ???????????????? ???????,"65,000",10/22/2015,"0,10 (UAH)",12/02/2015,FALSE,???????????????,FALSE,09/01/2022,
UA4000191894,Q,OLIKOQ,16307284,"??? ????-???????""",????????? ?????????? ?? ??????? ? ????????? ???????? ?????? (??????) ???????????????? ???????,"107,000",10/22/2015,"0,10 (UAH)",12/02/2015,FALSE,???????????????,FALSE,09/01/2025,
UA4000191910,S,OLIKOS,16307284,"??? ????-???????""",????????? ?????????? ?? ??????? ? ????????? ???????? ?????? (??????) ???????????????? ???????,"125,080",10/22/2015,"0,10 (UAH)",12/02/2015,FALSE,???????????????,FALSE,09/01/2025,
UA4000191944,V,OLIKOV,16307284,"??? ????-???????""",????????? ?????????? ?? ??????? ? ????????? ???????? ?????? (??????) ???????????????? ???????,"150,050",10/22/2015,"0,10 (UAH)",12/02/2015,FALSE,???????????????,FALSE,09/01/2025,
UA4000191951,W,OLIKOW,16307284,"??? ????-???????""",????????? ?????????? ?? ??????? ? ????????? ???????? ?????? (??????) ???????????????? ???????,"164,920",10/22/2015,"0,10 (UAH)",12/02/2015,FALSE,???????????????,FALSE,09/01/2025,
UA4000191902,R,OLIKOR,16307284,"??? ????-???????""",????????? ?????????? ?? ??????? ? ????????? ???????? ?????? (??????) ???????????????? ???????,"30,000",10/22/2015,"0,10 (UAH)",12/02/2015,FALSE,???????????????,FALSE,09/01/2025,
UA4000191878,O,OLIKOO,16307284,"??? ????-???????""",????????? ?????????? ?? ??????? ? ????????? ???????? ?????? (??????) ???????????????? ???????,"524,000",10/22/2015,"0,10 (UAH)",12/02/2015,FALSE,???????????????,FALSE,09/01/2025,
UA4000191852,N,OLIKON,16307284,"??? ????-???????""",????????? ?????????? ?? ??????? ? ????????? ???????? ?????? (??????) ???????????????? ???????,"80,000",10/22/2015,"0,10 (UAH)",12/02/2015,FALSE,???????????????,FALSE,09/01/2025,
UA4000191928,T,OLIKOT,16307284,"??? ????-???????""",????????? ?????????? ?? ??????? ? ????????? ???????? ?????? (??????) ???????????????? ???????,"81,040",10/22/2015,"0,10 (UAH)",12/02/2015,FALSE,???????????????,FALSE,09/01/2025,
UA4000191969,X,OLIKOX,16307284,"??? ????-???????""",????????? ?????????? ?? ??????? ? ????????? ???????? ?????? (??????) ???????????????? ???????,"83,490",10/22/2015,"0,10 (UAH)",12/02/2015,FALSE,???????????????,FALSE,09/01/2025,
UA4000191886,P,OLIKOP,16307284,"??? ????-???????""",????????? ?????????? ?? ??????? ? ????????? ???????? ?????? (??????) ???????????????? ???????,"88,040",10/22/2015,"0,10 (UAH)",12/02/2015,FALSE,???????????????,FALSE,09/01/2025,
UA4000191936,U,OLIKOU,16307284,"??? ????-???????""",????????? ?????????? ?? ??????? ? ????????? ???????? ?????? (??????) ???????????????? ???????,"92,990",10/22/2015,"0,10 (UAH)",12/02/2015,FALSE,???????????????,FALSE,09/01/2025,
UA4000105100,,VEGA,19051508,"?? ""??? ""????""",????? ?????? ??????????????? ??????,"40,000,000",12/02/2010,"0,25 (UAH)",6/23/2015,FALSE,???????????????,FALSE,?/?,
UA0201011105,,SKUN,20113829,"??? ""?? ""????????????""",????? ?????? ??????????????? ??????,"192,700,000",6/17/2015,"1,00 (UAH)",5/13/2015,FALSE,???????????????,FALSE,?/?,
UA4000063473,,ZEMCAP,20280450,"?? ""?? ""????????? ???????""",????? ?????? ??????????????? ??????,"22,650,000,000",02/01/2018,"0,01 (UAH)",6/23/2015,FALSE,???????????????,FALSE,?/?,
UA4000082630,,KIGA,20578072,"??? ""??????????""",????? ?????? ??????????????? ??????,"33,745,600",6/24/2010,"0,05 (UAH)",7/27/2015,FALSE,???????????????,FALSE,?/?,
UA4000196778,B,OBSHUV,20777340,"???? ""?????""",????????? ?????????? ?? ??????? ? ????????? ???????? ?????? (??????) ???????????????? ???????,"557,742",02/02/2017,"30,00 (UAH)",3/14/2017,FALSE,???????????????,FALSE,2/28/2022,
UA4000201362,C,OCSHUVAR,20777340,"???? ""?????""",????????? ?????????? ?? ??????? ? ????????? ???????? ?????? (??????) ???????????????? ???????,"460,000",5/15/2018,"120,00 (UAH)",7/19/2018,FALSE,???????????????,FALSE,12/31/2022,
UA4000065833,,MBANK,20966466,"?? ""????? ????""",????? ?????? ??????????????? ??????,"702,100,000",3/30/2017,"1,00 (UAH)",2/13/2017,FALSE,???????????????,FALSE,?/?,
UA4000102701,,UNVB,21133352,"??? ""????????? ????""",????? ?????? ??????????????? ??????,"310,267,197",12/01/2015,"10,00 (UAH)",11/01/2017,FALSE,???????????????,FALSE,?/?,
UA4000059885,,JSBRB,21322127,"?? ""?? ""????????""",????? ?????? ??????????????? ??????,"2,000,000,000",4/26/2016,"0,10 (UAH)",1/25/2017,FALSE,???????????????,FALSE,?/?,
UA4000199350,A,AUKRPOST,21560045,"?? ""????????""",????????? ???????????? ?????????? ??????????????? ??????,"1,500",11/06/2017,"100 000,00 (UAH)",11/30/2017,TRUE,???????????????,FALSE,11/16/2020,
UA4000199368,B,BUKRPOST,21560045,"?? ""????????""",????????? ???????????? ?????????? ??????????????? ??????,"2,000",11/06/2017,"100 000,00 (UAH)",11/30/2017,FALSE,???????????????,FALSE,5/16/2022,
UA4000199376,C,CUKRPOST,21560045,"?? ""????????""",????????? ???????????? ?????????? ??????????????? ??????,"2,500",11/06/2017,"100 000,00 (UAH)",11/30/2017,FALSE,???????????????,FALSE,11/13/2023,
UA4000137244,,UTLM,21560766,"??? ""??????????""",????? ?????? ??????????????? ??????,"18,726,248,000",12/22/2000,"0,25 (UAH)",1/13/2015,FALSE,???????????????,FALSE,?/?,
UA4000198725,E,EOTP,21685166,"?? ""??? ????""",????????? ???????????? ?????????? ??????????????? ??????,"400,000",08/03/2017,"1 000,00 (UAH)",11/27/2017,FALSE,???????????????,FALSE,3/14/2022,
UA4000198717,F,FOTP,21685166,"?? ""??? ????""",????????? ???????????? ?????????? ??????????????? ??????,"400,000",08/03/2017,"1 000,00 (UAH)",11/27/2017,FALSE,???????????????,FALSE,11/27/2023,
UA4000125876,A,OSKDMA,21870998,"???? ""?? ""??????????""",????????? ???????????? ?????????? ??????????????? ??????,"100,000",7/25/2011,"1 000,00 (UAH)",08/03/2018,FALSE,???????????????,FALSE,7/20/2021,
UA4000080436,,HMON,22767506,"?? ""???????????????????""",????? ?????? ??????????????? ??????,"134,551,360",7/19/2010,"0,25 (UAH)",7/21/2015,FALSE,???????????????,FALSE,?/?,
UA4000088595,,AUKRKAP,22868414,"??? ""???? ""??????????? ???????""",????? ?????? ??????????????? ??????,"185,186,250",1/31/2017,"1,08 (UAH)",7/25/2018,FALSE,???????????????,FALSE,?/?,
UA4000079081,,CEEN,22927045,"??? ""???????????""",????? ?????? ??????????????? ??????,"369,407,108",07/09/2010,"1,30 (UAH)",1/13/2015,FALSE,???????????????,FALSE,?/?,
UA4000132971,,SOEN,23293513,"??? ""?????????????""",????? ?????? ??????????????? ??????,"177,125,496",05/08/2003,"0,25 (UAH)",7/22/2015,FALSE,???????????????,FALSE,?/?,
UA4000080675,,DOEN,23343582,"??? ""????????????""",????? ?????? ??????????????? ??????,"23,644,301",7/26/2010,"10,00 (UAH)",7/22/2015,FALSE,???????????????,FALSE,?/?,
UA4000080899,,MOEN,23399393,"?? ""?????????????????""",????? ?????? ??????????????? ??????,"158,640,000",7/16/2010,"0,25 (UAH)",5/22/2015,FALSE,???????????????,FALSE,?/?,
UA4000198931,S,OALFAS,23494714,"?? ""?????-????""",????????? ???????????? ?????????? ??????????????? ??????,"300,000",09/05/2017,"1 000,00 (UAH)",10/02/2017,FALSE,???????????????,FALSE,6/20/2023,
UA4000094866,,UGZB,23697280,"?? ""??????????""",????? ?????? ??????????????? ??????,"13,836,522,922",7/27/2015,"1,00 (UAH)",10/21/2014,FALSE,???????????????,FALSE,?/?,
UA4000094874,,UGZBP,23697280,"?? ""??????????""",????? ????????????? ??????????????? ??????,"477,078",10/28/2010,"1,00 (UAH)",06/02/2015,FALSE,???????????????,FALSE,?/?,
UA0403911003,,KSTL,24432974,"??? ""????????????? ?????? ???""",????? ?????? ??????????????? ??????,"3,859,533,000",4/14/2004,"1,00 (UAH)",1/13/2015,FALSE,???????????????,FALSE,?/?,
UA4000172068,,UMHP,25412361,"??? ""???""",????? ?????? ??????????????? ??????,"3,147,711,680",10/22/2010,"0,25 (UAH)",7/22/2015,FALSE,???????????????,FALSE,?/?,
UA4000074629,,HKBNK,26237202,"??? ""???? ??????""",????? ?????? ??????????????? ??????,"3,073,500",07/11/2018,"170,20 (UAH)",3/18/2013,FALSE,???????????????,FALSE,?/?,
UA4000190805,D,OZDRVD,31437750,"??? ""????????????? ???? ""??????'?""",????????? ???????????? ?????????? ??????????????? ??????,"100,000",7/28/2015,"1 000,00 (UAH)",09/03/2015,FALSE,???????????????,FALSE,8/25/2027,
UA4000190771,A,OZDRVA,31437750,"??? ""????????????? ???? ""??????'?""",????????? ???????????? ?????????? ??????????????? ??????,"20,000",7/28/2015,"1 000,00 (UAH)",09/03/2015,FALSE,???????????????,FALSE,8/25/2027,
UA4000190789,B,OZDRVB,31437750,"??? ""????????????? ???? ""??????'?""",????????? ???????????? ?????????? ??????????????? ??????,"30,000",7/28/2015,"1 000,00 (UAH)",09/03/2015,FALSE,???????????????,FALSE,8/25/2027,
UA4000190797,C,OZDRVC,31437750,"??? ""????????????? ???? ""??????'?""",????????? ???????????? ?????????? ??????????????? ??????,"50,000",7/28/2015,"1 000,00 (UAH)",09/03/2015,FALSE,???????????????,FALSE,8/25/2027,
UA4000190813,E,OZDRVE,31437750,"??? ""????????????? ???? ""??????'?""",????????? ???????????? ?????????? ??????????????? ??????,"88,800",7/28/2015,"1 000,00 (UAH)",09/03/2015,FALSE,???????????????,FALSE,8/25/2027,
UA1300761004,,GLNG,31729918,"??? ""??????? ???????????""",????? ?????? ??????????????? ??????,"19,526,522,868",10/20/2009,"0,01 (UAH)",1/13/2015,FALSE,???????????????,FALSE,?/?,
UA4000093819,,ELBA,31826636,"??? ???????? ""?????""",????? ?????? ??????????????? ??????,"30,808,206",10/04/2011,"1,00 (UAH)",7/27/2015,FALSE,???????????????,FALSE,?/?,
UA4000139224,B,OAKSMB,31940888,"??? ""???????""",????????? ???????????? ?????????? ??????????????? ??????,"2,143",4/23/2012,"10 000,00 (UAH)",06/09/2015,FALSE,???????????????,FALSE,05/08/2022,
UA4000200380,E,ORUSHE,32007740,"??? ""???""",????????? ???????????? ?????????? ??????????????? ??????,"100,000",1/30/2018,"1 000,00 (UAH)",3/19/2018,FALSE,???????????????,FALSE,02/09/2021,
UA4000200398,F,ORUSHF,32007740,"??? ""???""",????????? ???????????? ?????????? ??????????????? ??????,"100,000",1/30/2018,"1 000,00 (UAH)",3/19/2018,FALSE,???????????????,FALSE,03/09/2021,
UA040482FA06,,IFCIPFT,32547688,"??? ??? ""???""",????????????? ?????????? ???????????????? ???????,"50,000",11/26/2008,"1 000,00 (UAH)",11/26/2012,FALSE,???????????????,FALSE,12/29/2019,
UA4000139216,?,ONVTHA,33291816,"??? ""???????-??????""",????????? ???????????? ?????????? ??????????????? ??????,"2,143",4/23/2012,"10 000,00 (UAH)",11/27/2017,FALSE,???????????????,FALSE,05/08/2022,
UA4000178461,D3,ODIUD3,33304730,???,????????? ???????????? ?????????? ??????????????? ??????,"10,000",12/27/2013,"100 000,00 (UAH)",2/21/2014,FALSE,??????,FALSE,12/14/2023,
UA4000149710,Y2,ODIUY2,33304730,???,????????? ???????????? ?????????? ??????????????? ??????,"10,000",11/27/2012,"100 000,00 (UAH)",06/09/2015,FALSE,???????????????,FALSE,12/02/2019,
UA4000178446,B3,ODIUB3,33304730,???,????????? ???????????? ?????????? ??????????????? ??????,"10,000",12/27/2013,"100 000,00 (UAH)",07/01/2015,FALSE,???????????????,FALSE,11/17/2020,
UA4000178453,C3,ODIUC3,33304730,???,????????? ???????????? ?????????? ??????????????? ??????,"10,000",12/27/2013,"100 000,00 (UAH)",07/01/2015,FALSE,???????????????,FALSE,12/14/2020,
UA4000032940,,IFARPi,33499012,"??? ""??? ""?????????""",????????????? ?????????? ???????????????? ???????,"100,000",2/28/2008,"1 000,00 (UAH)",6/23/2015,FALSE,???????????????,FALSE,8/31/2027,
UA4000196760,C,OCSHUV,33711331,"???? ""??? ""?????""",????????? ?????????? ?? ??????? ? ????????? ???????? ?????? (??????) ???????????????? ???????,"262,020",02/02/2017,"60,00 (UAH)",3/14/2017,FALSE,???????????????,FALSE,2/22/2022,
UA4000126718,,SROK,33804530,"??????""?????.???.""???""???""??""",????????????? ?????????? ???????????????? ???????,"250,000",7/26/2011,"1 000,00 (UAH)",9/28/2018,FALSE,???????????????,FALSE,5/13/2021,
UA4000125959,,IFINTBUDI,33943393,"??? ""??? ""??????? ????? ??????????""",????????????? ?????????? ???????????????? ???????,"500,000",08/01/2011,"1 000,00 (UAH)",07/01/2015,FALSE,???????????????,FALSE,?/?,
UA4000192785,C,OSKAGROC,33976979,"??? ""??-????""",????????? ???????????? ?????????? ??????????????? ??????,"250,000",02/04/2016,"1 000,00 (UAH)",2/23/2016,FALSE,???????????????,FALSE,2/14/2019,
UA4000015614,,IFSTAKS,34333275,"??? ""??? ??????-???????""",????????????? ?????????? ???????????????? ???????,"50,000",07/12/2007,"1 000,00 (UAH)",11/24/2009,FALSE,???????????????,FALSE,1/26/2027,
UA200697FA07,,IFGRT2,34333275,"??? ""??? ??????-???????""",????????????? ?????????? ???????????????? ???????,"30,000",7/26/2007,"1 000,00 (UAH)",11/24/2009,FALSE,???????????????,FALSE,8/23/2026,
UA4000032114,,IFBLND,34333275,"??? ""??? ??????-???????""",????????????? ?????????? ???????????????? ???????,"20,000",2/14/2008,"1 000,00 (UAH)",11/24/2009,FALSE,???????????????,FALSE,01/09/2023,
UA4000002356,,FOK,34333275,"??? ""??? ??????-???????""",????????????? ?????????? ???????????????? ???????,"50,000",12/29/2006,"1 000,00 (UAH)",02/05/2013,FALSE,???????????????,FALSE,11/05/2021,
UA4000032122,,GENUYA,34333275,"??? ""??? ??????-???????""",????????????? ?????????? ???????????????? ???????,"195,000",9/13/2012,"1 000,00 (UAH)",02/05/2013,FALSE,???????????????,FALSE,01/09/2023,
UA4000119887,,IKUS1,34486135,"???""???""????????????? ??????? ???.""",????????????? ?????????? ???????????????? ???????,"300,000",05/10/2011,"1 000,00 (UAH)",08/04/2011,FALSE,???????????????,FALSE,04/04/2021,
UA4000119861,,IKUS3,34486135,"???""???""????????????? ??????? ???.""",????????????? ?????????? ???????????????? ???????,"100,000",05/10/2011,"1 000,00 (UAH)",12/02/2014,FALSE,???????????????,FALSE,04/04/2021,
UA1026361006,,IFUSFN,34487846,"?? ""????? ""?????? ???? ???????????""",????? ?????????????? ?????????????? ????? ?????? ??????????????? ??????,"40,000",7/18/2011,"5 000,00 (UAH)",12/14/2017,FALSE,???????????????,FALSE,8/28/2026,
UA4000130074,,IFCNTRUM,34615120,"??? ""??? ??? ""???? ??????""",????????????? ?????????? ???????????????? ???????,"5,000,000",10/03/2011,"100,00 (UAH)",9/29/2015,FALSE,???????????????,FALSE,6/25/2036,
UA4000188270,?,OHRNVSTA,34667870,"?? ""?????-???????""",????????? ???????????? ????????? ??????????????? ??????,61,12/04/2014,"2 000 000,00 (UAH)",7/28/2015,FALSE,???????????????,FALSE,02/11/2025,
UA4000014682,,DELKAP,34729245,"??? ""??? ""??????-???????""",????????????? ?????????? ???????????????? ???????,"100,000",5/20/2015,"1 000,00 (UAH)",06/09/2015,FALSE,???????????????,FALSE,?/?,
UA4000117287,,MAGKAP,34730685,"??? ""??? ""???????"" ?????? ""???????""",????????????? ?????????? ???????????????? ???????,"2,000",04/06/2011,"10 000,00 (UAH)",12/26/2017,FALSE,???????????????,FALSE,02/01/2021,
UA4000029722,,IFBDL,34764782,"??? ""??? ""?????????? ???????""",????????????? ?????????? ???????????????? ???????,"1,200,000",5/15/2009,"1 000,00 (UAH)",11/20/2009,FALSE,???????????????,FALSE,11/20/2027,
UA4000056840,,IFACV,34764782,"??? ""??? ""?????????? ???????""",????????????? ?????????? ???????????????? ???????,"1,000,000",6/16/2009,"1 000,00 (UAH)",11/20/2009,FALSE,???????????????,FALSE,5/25/2019,
UA4000056980,,IFTAUR,34764782,"??? ""??? ""?????????? ???????""",????????????? ?????????? ???????????????? ???????,"1,000,000",6/22/2009,"1 000,00 (UAH)",5/20/2010,FALSE,???????????????,FALSE,5/22/2019,
UA4000057012,,IFVSR,34764782,"??? ""??? ""?????????? ???????""",????????????? ?????????? ???????????????? ???????,"1,000,000",6/22/2009,"1 000,00 (UAH)",06/03/2015,FALSE,???????????????,FALSE,5/25/2019,
UA4000013262,,IFSPIN,34956141,"??? ""????? ""????????""",????? ?????????????? ?????????????? ????? ?????? ??????????????? ??????,"100,000",4/14/2017,"1 000,00 (UAH)",11/24/2009,FALSE,???????????????,FALSE,10/09/2027,
UA4000075071,,KVARC,35328439,"?? ""??? ""?????""",????? ?????? ??????????????? ??????,"15,575",06/11/2010,"50,00 (UAH)",6/30/2015,FALSE,???????????????,FALSE,?/?,
UA4000026991,,INITIATIVE,35364718,"??? ""?????? ""??????????-??????""",????? ?????????????? ?????????????? ????? ?????? ??????????????? ??????,"50,700",08/06/2013,"1 000,00 (UAH)",5/30/2018,FALSE,???????????????,FALSE,12/17/2027,
UA4000036396,,KFSFSRB,35394082,"??? ""??? ""???""",????????????? ?????????? ???????????????? ???????,"100,000",4/16/2008,"1 000,00 (UAH)",2/23/2018,FALSE,???????????????,FALSE,3/26/2058,
UA4000036420,,KFSFSR,35394082,"??? ""??? ""???""",????????????? ?????????? ???????????????? ???????,"100,000",4/16/2008,"1 000,00 (UAH)",2/23/2018,FALSE,???????????????,FALSE,3/26/2058,
UA4000036412,,KFSFRR,35394082,"??? ""??? ""???""",????????????? ?????????? ???????????????? ???????,"50,000",4/16/2008,"1 000,00 (UAH)",2/23/2018,FALSE,???????????????,FALSE,3/26/2058,
UA4000046643,,BIZAN,35476002,"??? ""????? ""??????""",????? ?????????????? ?????????????? ????? ?????? ??????????????? ??????,"100,000",4/14/2017,"1 000,00 (UAH)",3/26/2012,FALSE,???????????????,FALSE,11/04/2023,
UA4000122865,,PIFOMABO,35809881,"??? ""??? ""????? ???????""",????????????? ?????????? ???????????????? ???????,"10,000,000",06/10/2011,"100,00 (UAH)",7/14/2015,FALSE,???????????????,FALSE,7/26/2025,
UA4000046650,,CICXLS,35856947,"??? ""????? ""??????""",????? ?????????????? ?????????????? ????? ?????? ??????????????? ??????,"50,000",4/14/2017,"1 000,00 (UAH)",10/04/2012,FALSE,???????????????,FALSE,?/?,
UA4000053631,,IFFBD,35895829,"??? ""??? ""?????-??????""",????????????? ?????????? ???????????????? ???????,"5,000,000",03/04/2009,"100,00 (UAH)",11/24/2015,FALSE,???????????????,FALSE,06/09/2028,
UA4000053656,,IFPRFD,35895829,"??? ""??? ""?????-??????""",????????????? ?????????? ???????????????? ???????,"5,000,000",03/04/2009,"100,00 (UAH)",11/24/2015,FALSE,???????????????,FALSE,06/09/2028,
UA4000053672,,IFAFM,35895829,"??? ""??? ""?????-??????""",????????????? ?????????? ???????????????? ???????,"5,000,000",03/04/2009,"100,00 (UAH)",11/24/2015,FALSE,???????????????,FALSE,06/09/2028,
UA4000046577,,RCODFR,35917889,"??? ""????????????? ?????""",????? ?????? ??????????????? ??????,"206,700",07/05/2017,"1 000,00 (UAH)",6/23/2015,FALSE,???????????????,FALSE,?/?,
UA4000053318,,GENESISWS,36018714,"??? ""??? ""???????""",????????????? ?????????? ???????????????? ???????,"500,000",12/22/2010,"1 000,00 (UAH)",2/27/2018,FALSE,???????????????,FALSE,?/?,
UA4000049589,,PRFPRJINV,36216071,"??? ?????? ""?????? ???????? ???????",????? ?????????????? ?????????????? ????? ?????? ??????????????? ??????,"500,000",11/03/2010,"1 000,00 (UAH)",7/21/2015,FALSE,???????????????,FALSE,10/21/2030,
UA4000115869,,TITUL,37094052,"??? ""??????"" ???"" (?????? ""?????"")",????????????? ?????????? ???????????????? ???????,"100,000",3/29/2011,"1 000,00 (UAH)",8/29/2017,FALSE,???????????????,FALSE,1/25/2050,
UA4000133565,,PRDPI,37318197,"??? ""??? ""???????""",????????????? ?????????? ???????????????? ???????,"1,000,000",12/28/2011,"1 000,00 (UAH)",11/02/2016,FALSE,???????????????,FALSE,9/20/2031,
UA4000133573,,PRDNT,37318197,"??? ""??? ""???????""",????????????? ?????????? ???????????????? ???????,"1,000,000",12/28/2011,"1 000,00 (UAH)",11/02/2016,FALSE,???????????????,FALSE,9/30/2031,
UA4000202014,L,AVERSL,37374089,"??? ""?????-????""",????????? ???????????? ??????? ??????????????? ??????,1,08/03/2018,"1 521 000,00 (UAH)",8/22/2018,FALSE,???????????????,FALSE,12/30/2021,
UA4000201958,F,AVERSF,37374089,"??? ""?????-????""",????????? ???????????? ??????? ??????????????? ??????,2,08/03/2018,"777 600,00 (UAH)",8/22/2018,FALSE,???????????????,FALSE,12/30/2021,
UA4000202022,M,AVERSM,37374089,"??? ""?????-????""",????????? ???????????? ??????? ??????????????? ??????,1,08/03/2018,"1 947 000,00 (UAH)",8/22/2018,FALSE,???????????????,FALSE,12/30/2021,
UA4000201974,H,AVERSH,37374089,"??? ""?????-????""",????????? ???????????? ??????? ??????????????? ??????,10,08/03/2018,"1 078 560,00 (UAH)",8/22/2018,FALSE,???????????????,FALSE,12/30/2021,
UA4000201941,E,AVERSE,37374089,"??? ""?????-????""",????????? ???????????? ??????? ??????????????? ??????,19,08/03/2018,"761 400,00 (UAH)",8/22/2018,FALSE,???????????????,FALSE,12/30/2021,
UA4000202006,K,AVERSK,37374089,"??? ""?????-????""",????????? ???????????? ??????? ??????????????? ??????,11,08/03/2018,"1 420 000,00 (UAH)",8/22/2018,FALSE,???????????????,FALSE,12/30/2021,
UA4000201933,D,AVERSD,37374089,"??? ""?????-????""",????????? ???????????? ??????? ??????????????? ??????,7,08/03/2018,"740 000,00 (UAH)",8/22/2018,FALSE,???????????????,FALSE,12/30/2021,
UA4000201909,A,AVERSA,37374089,"??? ""?????-????""",????????? ???????????? ??????? ??????????????? ??????,1,08/03/2018,"516 600,00 (UAH)",8/22/2018,FALSE,???????????????,FALSE,12/30/2021,
UA4000201990,J,AVERSJ,37374089,"??? ""?????-????""",????????? ???????????? ??????? ??????????????? ??????,5,08/03/2018,"1 365 000,00 (UAH)",8/22/2018,FALSE,???????????????,FALSE,12/30/2021,
UA4000201982,I,AVERSI,37374089,"??? ""?????-????""",????????? ???????????? ??????? ??????????????? ??????,8,08/03/2018,"1 181 000,00 (UAH)",8/22/2018,FALSE,???????????????,FALSE,12/30/2021,
UA4000201925,C,AVERSC,37374089,"??? ""?????-????""",????????? ???????????? ??????? ??????????????? ??????,14,08/03/2018,"690 000,00 (UAH)",8/22/2018,FALSE,???????????????,FALSE,12/30/2021,
UA4000201966,G,AVERSG,37374089,"??? ""?????-????""",????????? ???????????? ??????? ??????????????? ??????,1,08/03/2018,"988 200,00 (UAH)",8/22/2018,FALSE,???????????????,FALSE,12/30/2021,
UA4000201917,B,AVERSB,37374089,"??? ""?????-????""",????????? ???????????? ??????? ??????????????? ??????,3,08/03/2018,"635 000,00 (UAH)",8/22/2018,FALSE,???????????????,FALSE,12/31/2021,
UA4000167969,,PIF,38488225,"??? ""??? ??????""",????????????? ?????????? ???????????????? ???????,"10,000",5/29/2013,"10 000,00 (UAH)",06/03/2015,FALSE,???????????????,FALSE,04/10/2063,
UA4000151260,,BAVANGD,38690683,"?? ""???? ????????""",????? ?????? ??????????????? ??????,"122,000",05/04/2018,"2 460,00 (UAH)",8/20/2013,FALSE,???????????????,FALSE,?/?,
UA4000189674,,PROFI,39778213,"?? ""????? ""?????-? ??????""",????? ?????????????? ?????????????? ????? ?????? ??????????????? ??????,"1,001,600",8/27/2015,"1 000,00 (UAH)",7/14/2016,FALSE,???????????????,FALSE,02/01/2035,
UA4000195002,,GLORY,40803808,"?? ""?????""",????? ?????????????? ?????????????? ????? ?????? ??????????????? ??????,"2,300,000,000",06/11/2018,"1,00 (UAH)",11/01/2017,FALSE,???????????????,FALSE,9/16/2056,
UA4000197370,,RECOVERY,41346031,"?? ""?????? ""???????????""",????? ?????????????? ?????????????? ????? ?????? ??????????????? ??????,"5,000,000",8/30/2017,"1 000,00 (UAH)",11/01/2017,FALSE,???????????????,FALSE,6/26/2067,
UA4000200877,,ADVENT,42131991,"?? ""?????? ""?????????""",????? ?????????????? ?????????????? ????? ?????? ??????????????? ??????,"1,000,000",8/30/2018,"1 000,00 (UAH)",12/04/2018,FALSE,???????????????,FALSE,04/06/2048,
,,,,,,,,,,,,,,
,,,,,,,,,,,,,,
,,,,,,,,,,,,,,
,,,,,,,,,,,,,,
,,,,,,,,,,,,,,
,,,,,,,,,,,,,,
,,,,,,,,,,,,,,
